#
# Test of alter table
#
DROP DATABASE IF EXISTS alter_table_v1_test;
CREATE DATABASE alter_table_v1_test;
USE alter_table_v1_test;
create table t1 (bandID MEDIUMINT NOT NULL PRIMARY KEY, payoutID SMALLINT NOT NULL);
insert into t1 (bandID,payoutID) VALUES (1,6),(2,6),(3,4),(4,9),(5,10),(6,1),(7,12),(8,12);
alter table t1 add column new_col int, order by payoutid,bandid;
select * from t1;
bandID	payoutID	new_col
6	1	NULL
3	4	NULL
1	6	NULL
2	6	NULL
4	9	NULL
5	10	NULL
7	12	NULL
8	12	NULL
alter table t1 order by bandid,payoutid;
select * from t1;
bandID	payoutID	new_col
1	6	NULL
2	6	NULL
3	4	NULL
4	9	NULL
5	10	NULL
6	1	NULL
7	12	NULL
8	12	NULL
drop table t1;
#
# Test of ALTER TABLE ... ORDER BY
#
create table t1 (n int);
insert into t1 values(9),(3),(12),(10);
alter table t1 order by n;
select * from t1;
n
3
9
10
12
drop table t1;
#
# Drop and add an auto_increment column
#
create table t1 (i int not null auto_increment primary key);
insert into t1 values (null),(null),(null),(null);
select * from t1;
i
1
2
3
4
drop table t1;
#
# 'alter table t1 rename alter_table_v1_test1.t1' silently drops alter_table_v1_test1.t1 
# if it exists
#
create table t1 (name char(15));
insert into t1 (name) values ("current");
create database alter_table_v1_test1;
create table alter_table_v1_test1.t1 (name char(25));
insert into alter_table_v1_test1.t1 (name) values ("alter_table_v1_test1");
select * from t1;
name
current
select * from alter_table_v1_test1.t1;
name
alter_table_v1_test1
alter table t1 rename alter_table_v1_test1.t1;
ERROR 42S01: Table 't1' already exists
select * from t1;
name
current
select * from alter_table_v1_test1.t1;
name
alter_table_v1_test1
drop table t1;
drop database alter_table_v1_test1;
#
# ALTER TABLE ... ENABLE/DISABLE KEYS
#
create table t1 (n1 int not null, n2 int, n3 int, n4 float)engine=tianmu;
alter table t1 disable keys;
Warnings:
Note	1031	Table storage engine for 't1' doesn't have this option
show keys from t1;
Table	Non_unique	Key_name	Seq_in_index	Column_name	Collation	Cardinality	Sub_part	Packed	Null	Index_type	Comment	Index_comment
insert into t1 values(RAND()*100,RAND()*100,RAND()*10,RAND()*10);
alter table t1 enable keys;
Warnings:
Note	1031	Table storage engine for 't1' doesn't have this option
show keys from t1;
Table	Non_unique	Key_name	Seq_in_index	Column_name	Collation	Cardinality	Sub_part	Packed	Null	Index_type	Comment	Index_comment
drop table t1;
#
# Alter table and rename
#
create table t1 (i int not null auto_increment primary key)engine=tianmu;
alter table t1 rename t2;
show columns from t2;
Field	Type	Null	Key	Default	Extra
i	int(11)	NO	PRI	NULL	auto_increment
drop table t2;
#
# check for valid table names
#
create table t1 (a int);
alter table t1 rename to ``;
ERROR 42000: Incorrect table name ''
rename table t1 to ``;
ERROR 42000: Incorrect table name ''
drop table t1;
DROP DATABASE alter_table_v1_test;
