#
# Test add, modify, rename, drop column
# Author: syw
#
DROP DATABASE IF EXISTS alter_colunm;
CREATE DATABASE alter_colunm;
USE alter_colunm;
CREATE TABLE t1 (c1 INT, c2 CHAR(1)) ENGINE=tianmu;
INSERT INTO t1 VALUES (1, 'a'), (2, 'b'), (3, 'c'), (4, 'd'), (5, 'e');
ALTER TABLE t1 ADD COLUMN c11 INT NOT NULL;
ALTER TABLE t1 ADD COLUMN c11 INT(1);
ERROR 42S21: Duplicate column name 'c11'
ALTER TABLE t1 ADD COLUMN c21 CHAR(2);
ALTER TABLE t1 ADD COLUMN c11 INT(2);
ERROR 42S21: Duplicate column name 'c11'
ALTER TABLE t1 ADD COLUMN c12 CHAR(1) AFTER c11;
ALTER TABLE t1 ADD COLUMN c0 INT FIRST;
ALTER TABLE t1 MODIFY COLUMN c11 TINYINT;
ALTER TABLE t1 CHANGE COLUMN c2 c2new CHAR(2);
ALTER TABLE t1 CHANGE COLUMN c2 c2new CHAR(1);
ERROR 42S22: Unknown column 'c2' in 't1'
ALTER TABLE t1 CHANGE COLUMN c2new c2 CHAR(1);
ALTER TABLE t1 DROP COLUMN IF EXISTS c11;
ERROR 42000: You have an error in your SQL syntax; check the manual that corresponds to your MySQL server version for the right syntax to use near 'IF EXISTS c11' at line 1
ALTER TABLE t1 DROP COLUMN c11;
SHOW CREATE TABLE t1;
Table	Create Table
t1	CREATE TABLE `t1` (
  `c0` int(11) DEFAULT NULL,
  `c1` int(11) DEFAULT NULL,
  `c2` char(1) DEFAULT NULL,
  `c12` char(1) DEFAULT NULL,
  `c21` char(2) DEFAULT NULL
) ENGINE=TIANMU DEFAULT CHARSET=latin1
SELECT * FROM t1 ORDER BY c1;
c0	c1	c2	c12	c21
NULL	1	a	NULL	NULL
NULL	2	b	NULL	NULL
NULL	3	c	NULL	NULL
NULL	4	d	NULL	NULL
NULL	5	e	NULL	NULL
CREATE TABLE st1 (
task_id INT NOT NULL,
subject VARCHAR(45) NULL,
start_date DATE NULL,
end_date DATE NULL,
description VARCHAR(200) NULL,
PRIMARY KEY (task_id)
);
ALTER TABLE st1 ADD COLUMN test numeric(20,10);
ERROR HY000: Precision must be less than or equal to 18.
ALTER TABLE st1 ADD COLUMN test1 numeric(8,2);
SHOW CREATE TABLE st1;
Table	Create Table
st1	CREATE TABLE `st1` (
  `task_id` int(11) NOT NULL,
  `subject` varchar(45) DEFAULT NULL,
  `start_date` date DEFAULT NULL,
  `end_date` date DEFAULT NULL,
  `description` varchar(200) DEFAULT NULL,
  `test1` decimal(8,2) DEFAULT NULL,
  PRIMARY KEY (`task_id`)
) ENGINE=TIANMU DEFAULT CHARSET=latin1
CREATE TABLE st2 (
task_id INT NOT NULL,
subject VARCHAR(45) NULL,
start_date DATE NULL,
end_date DATE NULL,
description VARCHAR(200) NULL,
PRIMARY KEY (task_id)
);
ALTER TABLE st2 ADD COLUMN col_name3 int auto_increment;
ERROR 42000: AUTO_INCREMENT can be only declared on primary key column!
SHOW CREATE TABLE st2;
Table	Create Table
st2	CREATE TABLE `st2` (
  `task_id` int(11) NOT NULL,
  `subject` varchar(45) DEFAULT NULL,
  `start_date` date DEFAULT NULL,
  `end_date` date DEFAULT NULL,
  `description` varchar(200) DEFAULT NULL,
  PRIMARY KEY (`task_id`)
) ENGINE=TIANMU DEFAULT CHARSET=latin1
CREATE TABLE ttb1(
id int,
name varchar(5)
) ENGINE=TIANMU;
INSERT INTO ttb1 VALUES(1,'AAA'),(2,'BBB');
ALTER TABLE ttb1 ADD COLUMN age VARCHAR(5) NOT NULL;
SHOW CREATE TABLE ttb1;
Table	Create Table
ttb1	CREATE TABLE `ttb1` (
  `id` int(11) DEFAULT NULL,
  `name` varchar(5) DEFAULT NULL,
  `age` varchar(5) NOT NULL
) ENGINE=TIANMU DEFAULT CHARSET=latin1
SELECT * FROM ttb1;
id	name	age
1	AAA	
2	BBB	
create table stu(id int primary key, name char(20))engine=tianmu;
insert into stu(id, name) values(1, 'zhang fei');
insert into stu(id, name) values(2, 'zhao yun');
insert into stu(id, name) values(3, 'zhen ji');
insert into stu(id, name) values(4, 'zhou yu');
insert into stu(id, name) values(5, 'zhu ge liang');
insert into stu(id, name) values(6, 'ma chao');
alter table stu add column ctm2 timestamp default current_timestamp();
select id,name,length(ctm2) from stu;
id	name	length(ctm2)
1	zhang fei	19
2	zhao yun	19
3	zhen ji	19
4	zhou yu	19
5	zhu ge liang	19
6	ma chao	19
DROP DATABASE alter_colunm;
