#
# Test of date format functions
#
DROP DATABASE IF EXISTS date_formats_test;
CREATE DATABASE date_formats_test;
USE date_formats_test;
select str_to_date(concat('15-01-2001',' 2:59:58.999'),
concat('%d-%m-%Y',' ','%H:%i:%s.%f'));
str_to_date(concat('15-01-2001',' 2:59:58.999'),
concat('%d-%m-%Y',' ','%H:%i:%s.%f'))
2001-01-15 02:59:58.999000
select STR_TO_DATE('2004.12.12 22.30.61','%Y.%m.%d %T');
STR_TO_DATE('2004.12.12 22.30.61','%Y.%m.%d %T')
NULL
Warnings:
Warning	1411	Incorrect time value: '22.30.61' for function str_to_date
Warning	1411	Incorrect datetime value: '2004.12.12 22.30.61' for function str_to_date
SET sql_mode = 'STRICT_TRANS_TABLES,NO_AUTO_CREATE_USER,NO_ENGINE_SUBSTITUTION';
Warnings:
Warning	3135	'NO_ZERO_DATE', 'NO_ZERO_IN_DATE' and 'ERROR_FOR_DIVISION_BY_ZERO' sql modes should be used with strict mode. They will be merged with strict mode in a future release.
create table t1 (date char(30), format char(30) not null);
insert into t1 values
('2003-01-02 10:11:12', '%Y-%m-%d %H:%i:%S'),
('03-01-02 8:11:2.123456', '%y-%m-%d %H:%i:%S.%#'),
#bug1495('0003-01-02 8:11:2.123456', '%Y-%m-%d %H:%i:%S.%#'),
('03-01-02 8:11:2.123456',   '%Y-%m-%d %H:%i:%S.%#'),
('2003-01-02 10:11:12 PM', '%Y-%m-%d %h:%i:%S %p'),
#bug1495('2003-01-02 01:11:12.12345AM', '%Y-%m-%d %h:%i:%S.%f%p'),
#bug1495('2003-01-02 02:11:12.12345AM', '%Y-%m-%d %h:%i:%S.%f %p'),
#bug1495('2003-01-02 12:11:12.12345 am', '%Y-%m-%d %h:%i:%S.%f%p'),
('2003-01-02 11:11:12Pm', '%Y-%m-%d %h:%i:%S%p'),
('10:20:10', '%H:%i:%s'),
('10:20:10', '%h:%i:%s.%f'),
('10:20:10', '%T'),
('10:20:10AM', '%h:%i:%s%p'),
('10:20:10AM', '%r'),
#bug1495('10:20:10.44AM', '%h:%i:%s.%f%p'),
('15-01-2001 12:59:58', '%d-%m-%Y %H:%i:%S'),
('15 September 2001', '%d %M %Y'),
('15 SEPTEMB 2001', '%d %M %Y'),
('15 MAY 2001', '%d %b %Y'),
('15th May 2001', '%D %b %Y'),
('Sunday 15 MAY 2001', '%W %d %b %Y'),
('Sund 15 MAY 2001', '%W %d %b %Y'),
('Tuesday 00 2002', '%W %U %Y'),
('Thursday 53 1998', '%W %u %Y'),
('Sunday 01 2001', '%W %v %x'),
('Tuesday 52 2001', '%W %V %X'),
('060 2004', '%j %Y'),
('4 53 1998', '%w %u %Y'),
('15-01-2001', '%d-%m-%Y %H:%i:%S'),
('15-01-20', '%d-%m-%y'),
('15-2001-1', '%d-%Y-%c');
select date,format,str_to_date(date, format) as str_to_date from t1;
date	format	str_to_date
2003-01-02 10:11:12	%Y-%m-%d %H:%i:%S	2003-01-02 10:11:12.000000
03-01-02 8:11:2.123456	%y-%m-%d %H:%i:%S.%#	2003-01-02 08:11:02.000000
03-01-02 8:11:2.123456	%Y-%m-%d %H:%i:%S.%#	2003-01-02 08:11:02.000000
2003-01-02 10:11:12 PM	%Y-%m-%d %h:%i:%S %p	2003-01-02 22:11:12.000000
2003-01-02 11:11:12Pm	%Y-%m-%d %h:%i:%S%p	2003-01-02 23:11:12.000000
10:20:10	%H:%i:%s	0000-00-00 10:20:10.000000
10:20:10	%h:%i:%s.%f	0000-00-00 10:20:10.000000
10:20:10	%T	0000-00-00 10:20:10.000000
10:20:10AM	%h:%i:%s%p	0000-00-00 10:20:10.000000
10:20:10AM	%r	0000-00-00 10:20:10.000000
15-01-2001 12:59:58	%d-%m-%Y %H:%i:%S	2001-01-15 12:59:58.000000
15 September 2001	%d %M %Y	2001-09-15 00:00:00.000000
15 SEPTEMB 2001	%d %M %Y	2001-09-15 00:00:00.000000
15 MAY 2001	%d %b %Y	2001-05-15 00:00:00.000000
15th May 2001	%D %b %Y	2001-05-15 00:00:00.000000
Sunday 15 MAY 2001	%W %d %b %Y	2001-05-15 00:00:00.000000
Sund 15 MAY 2001	%W %d %b %Y	2001-05-15 00:00:00.000000
Tuesday 00 2002	%W %U %Y	2002-01-01 00:00:00.000000
Thursday 53 1998	%W %u %Y	1998-12-31 00:00:00.000000
Sunday 01 2001	%W %v %x	2001-01-07 00:00:00.000000
Tuesday 52 2001	%W %V %X	2002-01-01 00:00:00.000000
060 2004	%j %Y	2004-02-29 00:00:00.000000
4 53 1998	%w %u %Y	1998-12-31 00:00:00.000000
15-01-2001	%d-%m-%Y %H:%i:%S	2001-01-15 00:00:00.000000
15-01-20	%d-%m-%y	2020-01-15 00:00:00.000000
15-2001-1	%d-%Y-%c	2001-01-15 00:00:00.000000
select date,format,concat('',str_to_date(date, format)) as con from t1;
date	format	con
2003-01-02 10:11:12	%Y-%m-%d %H:%i:%S	2003-01-02 10:11:12.000000
03-01-02 8:11:2.123456	%y-%m-%d %H:%i:%S.%#	2003-01-02 08:11:02.000000
03-01-02 8:11:2.123456	%Y-%m-%d %H:%i:%S.%#	2003-01-02 08:11:02.000000
2003-01-02 10:11:12 PM	%Y-%m-%d %h:%i:%S %p	2003-01-02 22:11:12.000000
2003-01-02 11:11:12Pm	%Y-%m-%d %h:%i:%S%p	2003-01-02 23:11:12.000000
10:20:10	%H:%i:%s	0000-00-00 10:20:10.000000
10:20:10	%h:%i:%s.%f	0000-00-00 10:20:10.000000
10:20:10	%T	0000-00-00 10:20:10.000000
10:20:10AM	%h:%i:%s%p	0000-00-00 10:20:10.000000
10:20:10AM	%r	0000-00-00 10:20:10.000000
15-01-2001 12:59:58	%d-%m-%Y %H:%i:%S	2001-01-15 12:59:58.000000
15 September 2001	%d %M %Y	2001-09-15 00:00:00.000000
15 SEPTEMB 2001	%d %M %Y	2001-09-15 00:00:00.000000
15 MAY 2001	%d %b %Y	2001-05-15 00:00:00.000000
15th May 2001	%D %b %Y	2001-05-15 00:00:00.000000
Sunday 15 MAY 2001	%W %d %b %Y	2001-05-15 00:00:00.000000
Sund 15 MAY 2001	%W %d %b %Y	2001-05-15 00:00:00.000000
Tuesday 00 2002	%W %U %Y	2002-01-01 00:00:00.000000
Thursday 53 1998	%W %u %Y	1998-12-31 00:00:00.000000
Sunday 01 2001	%W %v %x	2001-01-07 00:00:00.000000
Tuesday 52 2001	%W %V %X	2002-01-01 00:00:00.000000
060 2004	%j %Y	2004-02-29 00:00:00.000000
4 53 1998	%w %u %Y	1998-12-31 00:00:00.000000
15-01-2001	%d-%m-%Y %H:%i:%S	2001-01-15 00:00:00.000000
15-01-20	%d-%m-%y	2020-01-15 00:00:00.000000
15-2001-1	%d-%Y-%c	2001-01-15 00:00:00.000000
select date,format,cast(str_to_date(date, format) as datetime) as datetime from t1;
date	format	datetime
2003-01-02 10:11:12	%Y-%m-%d %H:%i:%S	2003-01-02 10:11:12
03-01-02 8:11:2.123456	%y-%m-%d %H:%i:%S.%#	2003-01-02 08:11:02
03-01-02 8:11:2.123456	%Y-%m-%d %H:%i:%S.%#	2003-01-02 08:11:02
2003-01-02 10:11:12 PM	%Y-%m-%d %h:%i:%S %p	2003-01-02 22:11:12
2003-01-02 11:11:12Pm	%Y-%m-%d %h:%i:%S%p	2003-01-02 23:11:12
10:20:10	%H:%i:%s	0000-00-00 10:20:10
10:20:10	%h:%i:%s.%f	0000-00-00 10:20:10
10:20:10	%T	0000-00-00 10:20:10
10:20:10AM	%h:%i:%s%p	0000-00-00 10:20:10
10:20:10AM	%r	0000-00-00 10:20:10
15-01-2001 12:59:58	%d-%m-%Y %H:%i:%S	2001-01-15 12:59:58
15 September 2001	%d %M %Y	2001-09-15 00:00:00
15 SEPTEMB 2001	%d %M %Y	2001-09-15 00:00:00
15 MAY 2001	%d %b %Y	2001-05-15 00:00:00
15th May 2001	%D %b %Y	2001-05-15 00:00:00
Sunday 15 MAY 2001	%W %d %b %Y	2001-05-15 00:00:00
Sund 15 MAY 2001	%W %d %b %Y	2001-05-15 00:00:00
Tuesday 00 2002	%W %U %Y	2002-01-01 00:00:00
Thursday 53 1998	%W %u %Y	1998-12-31 00:00:00
Sunday 01 2001	%W %v %x	2001-01-07 00:00:00
Tuesday 52 2001	%W %V %X	2002-01-01 00:00:00
060 2004	%j %Y	2004-02-29 00:00:00
4 53 1998	%w %u %Y	1998-12-31 00:00:00
15-01-2001	%d-%m-%Y %H:%i:%S	2001-01-15 00:00:00
15-01-20	%d-%m-%y	2020-01-15 00:00:00
15-2001-1	%d-%Y-%c	2001-01-15 00:00:00
select date,format,DATE(str_to_date(date, format)) as date2 from t1;
date	format	date2
2003-01-02 10:11:12	%Y-%m-%d %H:%i:%S	2003-01-02
03-01-02 8:11:2.123456	%y-%m-%d %H:%i:%S.%#	2003-01-02
03-01-02 8:11:2.123456	%Y-%m-%d %H:%i:%S.%#	2003-01-02
2003-01-02 10:11:12 PM	%Y-%m-%d %h:%i:%S %p	2003-01-02
2003-01-02 11:11:12Pm	%Y-%m-%d %h:%i:%S%p	2003-01-02
10:20:10	%H:%i:%s	0000-00-00
10:20:10	%h:%i:%s.%f	0000-00-00
10:20:10	%T	0000-00-00
10:20:10AM	%h:%i:%s%p	0000-00-00
10:20:10AM	%r	0000-00-00
15-01-2001 12:59:58	%d-%m-%Y %H:%i:%S	2001-01-15
15 September 2001	%d %M %Y	2001-09-15
15 SEPTEMB 2001	%d %M %Y	2001-09-15
15 MAY 2001	%d %b %Y	2001-05-15
15th May 2001	%D %b %Y	2001-05-15
Sunday 15 MAY 2001	%W %d %b %Y	2001-05-15
Sund 15 MAY 2001	%W %d %b %Y	2001-05-15
Tuesday 00 2002	%W %U %Y	2002-01-01
Thursday 53 1998	%W %u %Y	1998-12-31
Sunday 01 2001	%W %v %x	2001-01-07
Tuesday 52 2001	%W %V %X	2002-01-01
060 2004	%j %Y	2004-02-29
4 53 1998	%w %u %Y	1998-12-31
15-01-2001	%d-%m-%Y %H:%i:%S	2001-01-15
15-01-20	%d-%m-%y	2020-01-15
15-2001-1	%d-%Y-%c	2001-01-15
select date,format,TIME(str_to_date(date, format)) as time from t1;
date	format	time
2003-01-02 10:11:12	%Y-%m-%d %H:%i:%S	10:11:12.000000
03-01-02 8:11:2.123456	%y-%m-%d %H:%i:%S.%#	08:11:02.000000
03-01-02 8:11:2.123456	%Y-%m-%d %H:%i:%S.%#	08:11:02.000000
2003-01-02 10:11:12 PM	%Y-%m-%d %h:%i:%S %p	22:11:12.000000
2003-01-02 11:11:12Pm	%Y-%m-%d %h:%i:%S%p	23:11:12.000000
10:20:10	%H:%i:%s	10:20:10.000000
10:20:10	%h:%i:%s.%f	10:20:10.000000
10:20:10	%T	10:20:10.000000
10:20:10AM	%h:%i:%s%p	10:20:10.000000
10:20:10AM	%r	10:20:10.000000
15-01-2001 12:59:58	%d-%m-%Y %H:%i:%S	12:59:58.000000
15 September 2001	%d %M %Y	00:00:00.000000
15 SEPTEMB 2001	%d %M %Y	00:00:00.000000
15 MAY 2001	%d %b %Y	00:00:00.000000
15th May 2001	%D %b %Y	00:00:00.000000
Sunday 15 MAY 2001	%W %d %b %Y	00:00:00.000000
Sund 15 MAY 2001	%W %d %b %Y	00:00:00.000000
Tuesday 00 2002	%W %U %Y	00:00:00.000000
Thursday 53 1998	%W %u %Y	00:00:00.000000
Sunday 01 2001	%W %v %x	00:00:00.000000
Tuesday 52 2001	%W %V %X	00:00:00.000000
060 2004	%j %Y	00:00:00.000000
4 53 1998	%w %u %Y	00:00:00.000000
15-01-2001	%d-%m-%Y %H:%i:%S	00:00:00.000000
15-01-20	%d-%m-%y	00:00:00.000000
15-2001-1	%d-%Y-%c	00:00:00.000000
select date,format,concat(TIME(str_to_date(date, format))) as time2 from t1;
date	format	time2
2003-01-02 10:11:12	%Y-%m-%d %H:%i:%S	10:11:12.000000
03-01-02 8:11:2.123456	%y-%m-%d %H:%i:%S.%#	08:11:02.000000
03-01-02 8:11:2.123456	%Y-%m-%d %H:%i:%S.%#	08:11:02.000000
2003-01-02 10:11:12 PM	%Y-%m-%d %h:%i:%S %p	22:11:12.000000
2003-01-02 11:11:12Pm	%Y-%m-%d %h:%i:%S%p	23:11:12.000000
10:20:10	%H:%i:%s	10:20:10.000000
10:20:10	%h:%i:%s.%f	10:20:10.000000
10:20:10	%T	10:20:10.000000
10:20:10AM	%h:%i:%s%p	10:20:10.000000
10:20:10AM	%r	10:20:10.000000
15-01-2001 12:59:58	%d-%m-%Y %H:%i:%S	12:59:58.000000
15 September 2001	%d %M %Y	00:00:00.000000
15 SEPTEMB 2001	%d %M %Y	00:00:00.000000
15 MAY 2001	%d %b %Y	00:00:00.000000
15th May 2001	%D %b %Y	00:00:00.000000
Sunday 15 MAY 2001	%W %d %b %Y	00:00:00.000000
Sund 15 MAY 2001	%W %d %b %Y	00:00:00.000000
Tuesday 00 2002	%W %U %Y	00:00:00.000000
Thursday 53 1998	%W %u %Y	00:00:00.000000
Sunday 01 2001	%W %v %x	00:00:00.000000
Tuesday 52 2001	%W %V %X	00:00:00.000000
060 2004	%j %Y	00:00:00.000000
4 53 1998	%w %u %Y	00:00:00.000000
15-01-2001	%d-%m-%Y %H:%i:%S	00:00:00.000000
15-01-20	%d-%m-%y	00:00:00.000000
15-2001-1	%d-%Y-%c	00:00:00.000000
select concat('',str_to_date('8:11:2.123456 03-01-02','%H:%i:%S.%f %y-%m-%d'));
concat('',str_to_date('8:11:2.123456 03-01-02','%H:%i:%S.%f %y-%m-%d'))
2003-01-02 08:11:02.123456
truncate table t1;
insert into t1 values
('2003-01-02 10:11:12 PM', '%Y-%m-%d %H:%i:%S %p'),
('2003-01-02 10:11:12.123456', '%Y-%m-%d %h:%i:%S %p'),
('2003-01-02 10:11:12AM', '%Y-%m-%d %h:%i:%S.%f %p'),
('2003-01-02 10:11:12AN', '%Y-%m-%d %h:%i:%S%p'),
('2003-01-02 10:11:12 PM', '%y-%m-%d %H:%i:%S %p'),
('10:20:10AM', '%H:%i:%s%p'),
('15 Septembei 2001', '%d %M %Y'),
('15 Ju 2001', '%d %M %Y'),
('Sund 15 MA', '%W %d %b %Y'),
('Thursdai 12 1998', '%W %u %Y'),
('Sunday 01 2001', '%W %v %X'),
('Tuesday 52 2001', '%W %V %x'),
('Tuesday 52 2001', '%W %V %Y'),
('Tuesday 52 2001', '%W %u %x'),
('7 53 1998', '%w %u %Y'),
(NULL, get_format(DATE,'USA'));
select date,format,str_to_date(date, format) as str_to_date from t1;
date	format	str_to_date
2003-01-02 10:11:12 PM	%Y-%m-%d %H:%i:%S %p	NULL
2003-01-02 10:11:12.123456	%Y-%m-%d %h:%i:%S %p	NULL
2003-01-02 10:11:12AM	%Y-%m-%d %h:%i:%S.%f %p	NULL
2003-01-02 10:11:12AN	%Y-%m-%d %h:%i:%S%p	NULL
2003-01-02 10:11:12 PM	%y-%m-%d %H:%i:%S %p	NULL
10:20:10AM	%H:%i:%s%p	NULL
15 Septembei 2001	%d %M %Y	NULL
15 Ju 2001	%d %M %Y	NULL
Sund 15 MA	%W %d %b %Y	NULL
Thursdai 12 1998	%W %u %Y	NULL
Sunday 01 2001	%W %v %X	NULL
Tuesday 52 2001	%W %V %x	NULL
Tuesday 52 2001	%W %V %Y	NULL
Tuesday 52 2001	%W %u %x	NULL
7 53 1998	%w %u %Y	NULL
NULL	%m.%d.%Y	NULL
Warnings:
Warning	1411	Incorrect datetime value: '2003-01-02 10:11:12 PM' for function str_to_date
Warning	1411	Incorrect datetime value: '2003-01-02 10:11:12.123456' for function str_to_date
Warning	1411	Incorrect datetime value: '2003-01-02 10:11:12AM' for function str_to_date
Warning	1411	Incorrect datetime value: '2003-01-02 10:11:12AN' for function str_to_date
Warning	1411	Incorrect datetime value: '2003-01-02 10:11:12 PM' for function str_to_date
Warning	1411	Incorrect datetime value: '10:20:10AM' for function str_to_date
Warning	1411	Incorrect datetime value: '15 Septembei 2001' for function str_to_date
Warning	1411	Incorrect datetime value: '15 Ju 2001' for function str_to_date
Warning	1411	Incorrect datetime value: 'Sund 15 MA' for function str_to_date
Warning	1411	Incorrect datetime value: 'Thursdai 12 1998' for function str_to_date
Warning	1411	Incorrect datetime value: 'Sunday 01 2001' for function str_to_date
Warning	1411	Incorrect datetime value: 'Tuesday 52 2001' for function str_to_date
Warning	1411	Incorrect datetime value: 'Tuesday 52 2001' for function str_to_date
Warning	1411	Incorrect datetime value: 'Tuesday 52 2001' for function str_to_date
Warning	1411	Incorrect datetime value: '7 53 1998' for function str_to_date
select date,format,concat(str_to_date(date, format),'') as con from t1;
date	format	con
2003-01-02 10:11:12 PM	%Y-%m-%d %H:%i:%S %p	NULL
2003-01-02 10:11:12.123456	%Y-%m-%d %h:%i:%S %p	NULL
2003-01-02 10:11:12AM	%Y-%m-%d %h:%i:%S.%f %p	NULL
2003-01-02 10:11:12AN	%Y-%m-%d %h:%i:%S%p	NULL
2003-01-02 10:11:12 PM	%y-%m-%d %H:%i:%S %p	NULL
10:20:10AM	%H:%i:%s%p	NULL
15 Septembei 2001	%d %M %Y	NULL
15 Ju 2001	%d %M %Y	NULL
Sund 15 MA	%W %d %b %Y	NULL
Thursdai 12 1998	%W %u %Y	NULL
Sunday 01 2001	%W %v %X	NULL
Tuesday 52 2001	%W %V %x	NULL
Tuesday 52 2001	%W %V %Y	NULL
Tuesday 52 2001	%W %u %x	NULL
7 53 1998	%w %u %Y	NULL
NULL	%m.%d.%Y	NULL
Warnings:
Warning	1411	Incorrect datetime value: '2003-01-02 10:11:12 PM' for function str_to_date
Warning	1411	Incorrect datetime value: '2003-01-02 10:11:12.123456' for function str_to_date
Warning	1411	Incorrect datetime value: '2003-01-02 10:11:12AM' for function str_to_date
Warning	1411	Incorrect datetime value: '2003-01-02 10:11:12AN' for function str_to_date
Warning	1411	Incorrect datetime value: '2003-01-02 10:11:12 PM' for function str_to_date
Warning	1411	Incorrect datetime value: '10:20:10AM' for function str_to_date
Warning	1411	Incorrect datetime value: '15 Septembei 2001' for function str_to_date
Warning	1411	Incorrect datetime value: '15 Ju 2001' for function str_to_date
Warning	1411	Incorrect datetime value: 'Sund 15 MA' for function str_to_date
Warning	1411	Incorrect datetime value: 'Thursdai 12 1998' for function str_to_date
Warning	1411	Incorrect datetime value: 'Sunday 01 2001' for function str_to_date
Warning	1411	Incorrect datetime value: 'Tuesday 52 2001' for function str_to_date
Warning	1411	Incorrect datetime value: 'Tuesday 52 2001' for function str_to_date
Warning	1411	Incorrect datetime value: 'Tuesday 52 2001' for function str_to_date
Warning	1411	Incorrect datetime value: '7 53 1998' for function str_to_date
truncate table t1;
insert into t1 values
('10:20:10AM', '%h:%i:%s'),
('2003-01-02 10:11:12', '%Y-%m-%d %h:%i:%S'),
('03-01-02 10:11:12 PM', '%Y-%m-%d %h:%i:%S %p');
select date,format,str_to_date(date, format) as str_to_date from t1;
date	format	str_to_date
10:20:10AM	%h:%i:%s	0000-00-00 10:20:10.000000
2003-01-02 10:11:12	%Y-%m-%d %h:%i:%S	2003-01-02 10:11:12.000000
03-01-02 10:11:12 PM	%Y-%m-%d %h:%i:%S %p	2003-01-02 22:11:12.000000
Warnings:
Warning	1292	Truncated incorrect datetime value: '10:20:10AM'
select date,format,concat(str_to_date(date, format),'') as con from t1;
date	format	con
10:20:10AM	%h:%i:%s	0000-00-00 10:20:10.000000
2003-01-02 10:11:12	%Y-%m-%d %h:%i:%S	2003-01-02 10:11:12.000000
03-01-02 10:11:12 PM	%Y-%m-%d %h:%i:%S %p	2003-01-02 22:11:12.000000
Warnings:
Warning	1292	Truncated incorrect datetime value: '10:20:10AM'
drop table t1;
create table t1 (d date);
insert into t1 values ('2004-07-14'),('2005-07-14');
select date_format(d,"%d") from t1 order by 1;
date_format(d,"%d")
14
14
drop table t1;
select str_to_date("2003-....01ABCD-02 10:11:12.0012", "%Y-%.%m%@-%d %H:%i:%S.%f") as a;
a
2003-01-02 10:11:12.001200
SET sql_mode = 'NO_ENGINE_SUBSTITUTION';
Warnings:
Warning	3090	Changing sql mode 'NO_AUTO_CREATE_USER' is deprecated. It will be removed in a future release.
select str_to_date("2003-01-02 10:11:12.0012", "%Y-%m-%d %H:%i:%S.%f") as f1,
str_to_date("2003-01-02 10:11:12.0012", "%Y-%m-%d %H:%i:%S") as f2,
str_to_date("2003-01-02", "%Y-%m-%d") as f3,
str_to_date("02 10:11:12", "%d %H:%i:%S.%f") as f4,
str_to_date("02 10:11:12", "%d %H:%i:%S") as f5,
str_to_date("02 10", "%d %f") as f6;
f1	f2	f3	f4	f5	f6
2003-01-02 10:11:12.001200	2003-01-02 10:11:12	2003-01-02	58:11:12.000000	58:11:12	48:00:00.100000
Warnings:
Warning	1292	Truncated incorrect datetime value: '2003-01-02 10:11:12.0012'
select str_to_date("2003-01-02 10:11:12.0012ABCD", "%Y-%m-%d %H:%i:%S.%f") as f1,
addtime("-01:01:01.01 GGG", "-23:59:59.1") as f2,
microsecond("1997-12-31 23:59:59.01XXXX") as f3;
f1	f2	f3
2003-01-02 10:11:12.001200	-25:01:00.110000	10000
Warnings:
Warning	1292	Truncated incorrect datetime value: '2003-01-02 10:11:12.0012ABCD'
Warning	1292	Truncated incorrect time value: '-01:01:01.01 GGG'
Warning	1292	Truncated incorrect time value: '1997-12-31 23:59:59.01XXXX'
select str_to_date("2003-04-05  g", "%Y-%m-%d") as f1,
str_to_date("2003-04-05 10:11:12.101010234567", "%Y-%m-%d %H:%i:%S.%f") as f2;
f1	f2
2003-04-05	2003-04-05 10:11:12.101010
Warnings:
Warning	1292	Truncated incorrect date value: '2003-04-05  g'
Warning	1292	Truncated incorrect datetime value: '2003-04-05 10:11:12.101010234567'
create table t1 (f1 datetime);
insert into t1 (f1) values ("2005-01-01");
insert into t1 (f1) values ("2005-02-01");
select date_format(f1, "%m") as d1, date_format(f1, "%M") as d2 from t1 order by date_format(f1, "%M");
d1	d2
02	February
01	January
drop table t1;
CREATE TABLE t1 (a varchar(10), PRIMARY KEY (a));
CREATE TABLE t2 (a varchar(10), b date, PRIMARY KEY(a,b));
CREATE TABLE t3 (a varchar(10), b TIME, PRIMARY KEY(a,b));
INSERT INTO t1 VALUES ('test1');
INSERT INTO t2 VALUES
('test1','2016-12-13'),('test1','2016-12-14'),('test1','2016-12-15');
INSERT INTO t3 VALUES
('test1','11:13:14'), ('test1','12:13:14'), ('test1','10:13:14');
SELECT *
FROM t1 LEFT JOIN t2
ON t2.a = 'test1' AND t2.b = '20161213'
WHERE t1.a = 'test1';
a	a	b
test1	test1	2016-12-13
SELECT *
FROM t1 LEFT JOIN t2 IGNORE INDEX(PRIMARY)
ON t2.a = 'test1' AND t2.b = '20161213'
WHERE t1.a = 'test1';
a	a	b
test1	test1	2016-12-13
SELECT b, b = '20161213',
CASE b WHEN '20161213' then 'found' ELSE 'not found' END FROM t2;
b	b = '20161213'	CASE b WHEN '20161213' then 'found' ELSE 'not found' END
2016-12-13	1	found
2016-12-14	0	not found
2016-12-15	0	not found
SELECT b, b IN ('20161213'), b in ('20161213', 0) FROM t2;
b	b IN ('20161213')	b in ('20161213', 0)
2016-12-13	1	1
2016-12-14	0	0
2016-12-15	0	0
SELECT b, b = '121314',
CASE b WHEN '121314' then 'found' ELSE 'not found' END FROM t3 order by 1;
b	b = '121314'	CASE b WHEN '121314' then 'found' ELSE 'not found' END
10:13:14	0	not found
11:13:14	0	not found
12:13:14	1	found
SELECT b, b in ('121314'), b in ('121314', 0) FROM t3 order by 1;
b	b in ('121314')	b in ('121314', 0)
10:13:14	0	0
11:13:14	0	0
12:13:14	1	1
drop database date_formats_test;
