#
# Problem with INSERT ... SELECT
#
DROP DATABASE IF EXISTS insert_select_db;
CREATE DATABASE insert_select_db;
USE insert_select_db;
SET sql_mode = 'NO_ENGINE_SUBSTITUTION,NO_AUTO_CREATE_USER';
create table t1 (bandID MEDIUMINT NOT NULL PRIMARY KEY, payoutID SMALLINT NOT NULL);
insert into t1 (bandID,payoutID) VALUES (1,6),(2,6),(3,4),(4,9),(5,10),(6,1),(7,12),(8,12);
create table t2 (payoutID SMALLINT NOT NULL PRIMARY KEY);
insert into t2 (payoutID) SELECT DISTINCT payoutID FROM t1;
select * from t2 order by payoutID;
payoutID
1
4
6
9
10
12
drop table t1,t2;
#
# Test of insert ... select from same table
#
create table t1 (a int not null);
create table t2 (a int not null);
insert into t1 values (1);
insert into t1 values (a+2);
insert into t1 values (a+3);
insert into t1 values (4),(a+5);
insert into t1 select * from t1;
select * from t1;
a
1
1
2
2
3
3
4
4
5
5
insert into t1 select * from t1 as t2;
select * from t1;
a
1
1
1
1
2
2
2
2
3
3
3
3
4
4
4
4
5
5
5
5
insert into t2 select * from t1 as t2;
select * from t1;
a
1
1
1
1
2
2
2
2
3
3
3
3
4
4
4
4
5
5
5
5
insert into t1 select t2.a from t1,t2;
select * from t1;
a
1
1
1
1
1
1
1
1
1
1
1
1
1
1
1
1
1
1
1
1
1
1
1
1
1
1
1
1
1
1
1
1
1
1
1
1
1
1
1
1
1
1
1
1
1
1
1
1
1
1
1
1
1
1
1
1
1
1
1
1
1
1
1
1
1
1
1
1
1
1
1
1
1
1
1
1
1
1
1
1
1
1
1
1
2
2
2
2
2
2
2
2
2
2
2
2
2
2
2
2
2
2
2
2
2
2
2
2
2
2
2
2
2
2
2
2
2
2
2
2
2
2
2
2
2
2
2
2
2
2
2
2
2
2
2
2
2
2
2
2
2
2
2
2
2
2
2
2
2
2
2
2
2
2
2
2
2
2
2
2
2
2
2
2
2
2
2
2
3
3
3
3
3
3
3
3
3
3
3
3
3
3
3
3
3
3
3
3
3
3
3
3
3
3
3
3
3
3
3
3
3
3
3
3
3
3
3
3
3
3
3
3
3
3
3
3
3
3
3
3
3
3
3
3
3
3
3
3
3
3
3
3
3
3
3
3
3
3
3
3
3
3
3
3
3
3
3
3
3
3
3
3
4
4
4
4
4
4
4
4
4
4
4
4
4
4
4
4
4
4
4
4
4
4
4
4
4
4
4
4
4
4
4
4
4
4
4
4
4
4
4
4
4
4
4
4
4
4
4
4
4
4
4
4
4
4
4
4
4
4
4
4
4
4
4
4
4
4
4
4
4
4
4
4
4
4
4
4
4
4
4
4
4
4
4
4
5
5
5
5
5
5
5
5
5
5
5
5
5
5
5
5
5
5
5
5
5
5
5
5
5
5
5
5
5
5
5
5
5
5
5
5
5
5
5
5
5
5
5
5
5
5
5
5
5
5
5
5
5
5
5
5
5
5
5
5
5
5
5
5
5
5
5
5
5
5
5
5
5
5
5
5
5
5
5
5
5
5
5
5
insert into t1 select * from t1,t1;
ERROR 42000: Not unique table/alias: 't1'
drop table t1,t2;
#
# Item_func_isnull::update_used_tables() did not update 
#            const_item_cache
create table t1(f1 varchar(5) key);
insert into t1(f1) select if(max(f1) is null, '2000',max(f1)+1) from t1;
insert into t1(f1) select if(max(f1) is null, '2000',max(f1)+1) from t1;
insert into t1(f1) select if(max(f1) is null, '2000',max(f1)+1) from t1;
select * from t1;
f1
2000
2001
2002
drop table t1;
#
# values() fails with 'ambiguous' or returns NULL 
#            with ON DUPLICATE and SELECT
create table t1(x int, y int);
create table t2(x int, z int);
insert into t1(x,y) select x,z from t2 on duplicate key update x=values(x);
insert into t1(x,y) select x,z from t2 on duplicate key update x=values(z);
ERROR 42S22: Unknown column 'z' in 'field list'
insert into t1(x,y) select x,z from t2 on duplicate key update x=values(t2.x);
ERROR 42S22: Unknown column 't2.x' in 'field list'
drop table t1,t2;
#
# INSERT INTO SELECT inserts values even if
# SELECT statement itself returns empty
#
CREATE TABLE t1 (
f1 int(10) NOT NULL auto_increment PRIMARY KEY,
f2 varchar(100) NOT NULL default ''
);
CREATE TABLE t2 (
f1 varchar(10) NOT NULL default '',
f2 char(3) NOT NULL default '',
PRIMARY KEY  (`f1`)
);
INSERT INTO t1 values(NULL, '');
INSERT INTO `t2` VALUES ('486878','WDT'),('486910','WDT');
SELECT COUNT(*) FROM t1;
COUNT(*)
1
SELECT min(t2.f1) FROM t1, t2 where t2.f2 = 'SIR' GROUP BY t1.f1;
min(t2.f1)
SELECT COUNT(*) FROM t1;
COUNT(*)
1
SELECT * FROM t1;
f1	f2
1	
DROP TABLE t1, t2;
#
# INSERT ... SELECT ... JOIN results in ambiguous field list error
#
CREATE TABLE t1 (x int, y int);
CREATE TABLE t2 (z int, y int);
CREATE TABLE t3 (a int, b int);
INSERT INTO t3 (SELECT x, y FROM t1 JOIN t2 USING (y) WHERE z = 1);
DROP TABLE IF EXISTS t1,t2,t3;
#
# Column count doesn't match value count at row x
#
CREATE DATABASE bug21774_1;
CREATE DATABASE bug21774_2;
CREATE TABLE bug21774_1.t1(id VARCHAR(10) NOT NULL,label VARCHAR(255));
CREATE TABLE bug21774_2.t1(id VARCHAR(10) NOT NULL,label VARCHAR(255));
CREATE TABLE bug21774_1.t2(id VARCHAR(10) NOT NULL,label VARCHAR(255));
INSERT INTO bug21774_2.t1 SELECT t1.* FROM bug21774_1.t1;
use bug21774_1;
INSERT INTO bug21774_2.t1 SELECT t1.* FROM t1;
DROP DATABASE bug21774_1;
DROP DATABASE bug21774_2;
#
# wrong result, when INSERT t1 SELECT ... FROM t1 ON DUPLICATE
#
use insert_select_db;
CREATE TABLE t1 (f1 INT, f2 INT );
CREATE TABLE t2  (f1 INT PRIMARY KEY, f2 INT);
INSERT INTO t1 VALUES (1,1),(2,2),(10,10);
INSERT INTO t2 (f1, f2) SELECT f1, f2 FROM t1;
INSERT INTO t2 (f1, f2)
SELECT f1, f1 FROM t2 src WHERE f1 < 2
ON DUPLICATE KEY UPDATE f1 = 100 + src.f1;
SELECT * FROM t2;
f1	f2
101	1
2	2
10	10
DROP TABLE t1, t2;
#
# Assertion fail on duplicate key
# error in 'INSERT ... SELECT' statements
#
CREATE TABLE t1 ( a INT KEY, b INT );
INSERT INTO t1 VALUES ( 0, 1 );
INSERT INTO t1 ( b ) SELECT MAX( b ) FROM t1 WHERE b = 2;
ERROR 23000: Duplicate entry '0' for key 'PRIMARY'
DROP TABLE t1;
#
#incorrect pushing of LIMIT into
# the temporary table ignoring ORDER BY clause
#
CREATE TABLE t1 (
id INT AUTO_INCREMENT PRIMARY KEY,
prev_id INT,
join_id INT DEFAULT 0);
INSERT INTO t1 (prev_id) VALUES (NULL), (1), (2);
SELECT * FROM t1;
id	prev_id	join_id
1	NULL	0
2	1	0
3	2	0
CREATE TABLE t2 (join_id INT);
INSERT INTO t2 (join_id) VALUES (0);
INSERT INTO t1 (prev_id) SELECT id
FROM t2 LEFT JOIN t1 ON t1.join_id = t2.join_id
ORDER BY id DESC LIMIT 1;
SELECT * FROM t1;
id	prev_id	join_id
1	NULL	0
2	1	0
3	2	0
4	3	0
DROP TABLE t1,t2;
#
#DASH '-' IS NOT RECOGNIZED IN CHARSET ARMSCII8 ON SELECT WHERE QUERY
#
CREATE TABLE t1 (
id INT AUTO_INCREMENT PRIMARY KEY,
a VARCHAR(100) CHARACTER SET ARMSCII8
);
INSERT INTO t1 (a) VALUES('abc-def');
INSERT INTO t1 (a) VALUES(x'616263AC646566');
INSERT INTO t1 (a) VALUES('\'(),-.');
INSERT INTO t1 (a) VALUES(x'FFA5A4ABACA9');
SELECT *, HEX(a) FROM t1;
id	a	HEX(a)
1	abc-def	6162632D646566
2	abc-def	616263AC646566
3	'(),-.	2728292C2D2E
4	'(),-.	FFA5A4ABACA9
SELECT *, HEX(a) FROM t1 WHERE a = 'abc-def';
id	a	HEX(a)
1	abc-def	6162632D646566
SELECT *, HEX(a) FROM t1 WHERE a = '\'(),-.';
id	a	HEX(a)
3	'(),-.	2728292C2D2E
DROP TABLE t1;
DROP DATABASE insert_select_db;
