DROP DATABASE IF EXISTS issue1363_test;
CREATE DATABASE issue1363_test;
USE issue1363_test;
create table t1 (a bigint unsigned not null, primary key(a));
insert into t1 values (9223372036854775806);
select * from t1;
a
9223372036854775806
INSERT INTO t1 VALUES(1234),(97716021308405775),(97716021308405770),(97716021308405780);
select * from t1;
a
9223372036854775806
1234
97716021308405775
97716021308405770
97716021308405780
insert into t1 values (0xFFFFFFFFFFFFFF);
select * from t1;
a
9223372036854775806
1234
97716021308405775
97716021308405770
97716021308405780
72057594037927935
drop table t1;
DROP DATABASE issue1363_test;
