DROP DATABASE IF EXISTS issue767_test;
CREATE DATABASE issue767_test;
USE issue767_test;
create table t1(val int) ENGINE=tianmu;
create table t2(val2 int) ENGINE=tianmu;
insert into t1 values(0);
insert into t1 values(1);
insert into t1 values(10);
insert into t1 values(11);
insert into t1 values(20);
insert into t1 values(21);
insert into t1 values(42);
insert into t1 values(43);
insert into t2 values(0);
insert into t2 values(1);
insert into t2 values(10);
insert into t2 values(11);
insert into t2 values(20);
insert into t2 values(21);
insert into t2 values(42);
insert into t2 values(43);
select * from t1 where 42 not in (select * from t1 where val > 42);
val
0
1
10
11
20
21
42
43
select * from t1 where 42 not in (select * from t1 where val < 10);
val
0
1
10
11
20
21
42
43
select * from t1 where 42 not in (select * from t1 where val >= 42);
val
select * from t1 where 42 not in (select * from t1 where val <= 10);
val
0
1
10
11
20
21
42
43
insert into t2 values(10);
select * from t1 where val not in (select * from t2 where val2 > 10);
val
0
1
10
select * from t1 where val not in (select * from t2 where val2 >= 10);
val
0
1
select * from t1 where val not in (select * from t2 where val2 < 10);
val
10
11
20
21
42
43
select * from t1 where val not in (select * from t2 where val2 <=10);
val
11
20
21
42
43
select * from t1 where val not in (select * from t2 where val2 > t1.val);
val
0
1
10
11
20
21
42
43
select * from t1 where val not in (select * from t2 where val2 >= t1.val);
val
select * from t1 where val not in (select * from t2 where val2 < t1.val);
val
0
1
10
11
20
21
42
43
select * from t1 where val not in (select * from t2 where val2 <= t1.val);
val
select * from t1 where val not in (select * from t2 where val2 > t1.val and val2 >t1.val +10);
val
0
1
10
11
20
21
42
43
select * from t1 where val not in (select * from t2 where val2 >= t1.val and val2 >= t1.val +10);
val
0
1
10
11
20
21
42
43
select * from t1 where val not in (select * from t2 where val2 < t1.val and val2 <t1.val +10);
val
0
1
10
11
20
21
42
43
select * from t1 where val not in (select * from t2 where val2 <= t1.val and val2 >= t1.val +10);
val
0
1
10
11
20
21
42
43
select * from t1 where val not in (select * from t2 where val2 > t1.val);
val
0
1
10
11
20
21
42
43
drop table t1;
drop table t2;
DROP DATABASE issue767_test;
