DROP DATABASE IF EXISTS issue736_test;
CREATE DATABASE issue736_test;
USE issue736_test;
CREATE TABLE t1(col1 INT, col2 CHAR(5))ENGINE=tianmu;
INSERT INTO t1 VALUES(NULL,''),(1,'a'),(1,'b'),(1,'c'),(2,'dd'),(3,'eee');
INSERT INTO t1 VALUES(8,UNHEX('CEB2'));
SELECT COUNT(DISTINCT col2) FROM t1;
COUNT(DISTINCT col2)
7
SELECT COUNT(DISTINCT col1) FROM t1;
COUNT(DISTINCT col1)
4
DROP TABLE t1;
DROP DATABASE issue736_test;
