DROP DATABASE IF EXISTS issue270_test;
CREATE DATABASE issue270_test;
USE issue270_test;
#
# Explain select straight_join DISTINCT.The rows in the test result is incorrect (#270)
# 
DROP TABLE IF EXISTS t1;
DROP TABLE IF EXISTS t2;
DROP TABLE IF EXISTS t3;
CREATE TABLE t1(a int, b int, c int)engine=tianmu;
insert into t1 values (1,0,0),(2,0,0);
CREATE TABLE t2 (a int, b varchar(2), c varchar(2), PRIMARY KEY(a))engine=tianmu;
insert into t2 values (1,'',''), (2,'','');
CREATE TABLE t3 (a int, b int, PRIMARY KEY (a,b))engine=tianmu;
insert into t3 values (1,1),(1,2);
explain select straight_join DISTINCT t2.a,t2.b, t1.c from t1, t3, t2 
where (t1.c=t2.a or (t1.c=t3.a and t2.a=t3.b)) and t1.b=556476786 and 
t2.b like '%%' order by t2.b limit 0,1;
id	select_type	table	partitions	type	possible_keys	key	key_len	ref	rows	filtered	Extra
1	SIMPLE	t1	NULL	ALL	NULL	NULL	NULL	NULL	2	50.00	Using where with pushed condition (`issue270_test`.`t1`.`b` = 556476786)(t0) Pckrows: 1, susp. 0 (1 empty 0 full). Conditions: 1; Using temporary; Using filesort
1	SIMPLE	t3	NULL	ALL	PRIMARY	NULL	NULL	NULL	2	100.00	Using join buffer (Block Nested Loop)
1	SIMPLE	t2	NULL	ALL	PRIMARY	NULL	NULL	NULL	2	50.00	Range checked for each record (index map: 0x1)
drop table t1,t2,t3;
DROP DATABASE issue270_test;
