DROP DATABASE IF EXISTS issue422_test;
CREATE DATABASE issue422_test;
USE issue422_test;
DROP TABLE IF EXISTS test1;
CREATE TABLE t1(id int, name varchar(20)) ENGINE=TIANMU DEFAULT CHARSET=utf8mb4;
drop procedure if exists idata;
create procedure idata(in num INT)
begin
declare i int;
set i=1;
while(i<=num) do
if (i < 200) then
insert into t1 values(i, 'James');
elseif (i >= 200 && i < 1500) then
insert into t1 values(i, 'Lily');
else
insert into t1 values(i, 'Kevin');
end if;
set i=i+1;
end while;
end //
call idata(3000);
set global tianmu_slow_query_record_interval=0;
set global tianmu_groupby_parallel_rows_minimum=1000;
set global tianmu_groupby_parallel_degree=0;
select sum(id),name from t1 group by name order by name;
sum(id)	name
19900	James
3377250	Kevin
1104350	Lily
set global tianmu_groupby_parallel_degree=2;
select sum(id),name from t1 group by name order by name;
sum(id)	name
19900	James
3377250	Kevin
1104350	Lily
set global tianmu_slow_query_record_interval=2;
drop table t1;
CREATE TABLE t1 (
spID int(10) unsigned,
userID int(10) unsigned,
score int(5) unsigned,
lsg char(40)
) ENGINE=TIANMU;
INSERT INTO t1 VALUES (1,1,1,'');
INSERT INTO t1 VALUES (2,2,2,'');
INSERT INTO t1 VALUES (2,1,1,'');
INSERT INTO t1 VALUES (3,3,3,'');
CREATE TABLE t2 (
userID int(10),
niName char(15),
passwd char(8),
mail char(50),
vName char(30),
nName char(40),
adr char(60),
plz char(5),
ort char(35),
land char(20)
) ENGINE=TIANMU;
INSERT INTO t2 VALUES (1,'name','pass','mail','v','n','adr','1','1','1');
INSERT INTO t2 VALUES (2,'name','pass','mail','v','n','adr','1','1','1');
INSERT INTO t2 VALUES (3,'name','pass','mail','v','n','adr','1','1','1');
INSERT INTO t2 VALUES (4,'name','pass','mail','v','n','adr','1','1','1');
INSERT INTO t2 VALUES (5,'name','pass','mail','v','n','adr','1','1','1');
SELECT t2.userid, MIN(t1.score) FROM t1, t2 WHERE t1.userID=t2.userID GROUP BY t2.userid;
userid	MIN(t1.score)
1	1
2	2
3	3
SELECT t2.userid, MIN(t1.score) FROM t1, t2 WHERE t1.userID=t2.userID GROUP BY t2.userid ORDER BY NULL;
userid	MIN(t1.score)
1	1
2	2
3	3
SELECT t2.userid, MIN(t1.score) FROM t1, t2 WHERE t1.userID=t2.userID AND t1.spID=2  GROUP BY t2.userid;
userid	MIN(t1.score)
1	1
2	2
SELECT t2.userid, MIN(t1.score+0.0) FROM t1, t2 WHERE t1.userID=t2.userID AND t1.spID=2  GROUP BY t2.userid;
userid	MIN(t1.score+0.0)
1	1.0
2	2.0
SELECT t2.userid, MIN(t1.score+0.0) FROM t1, t2 WHERE t1.userID=t2.userID AND t1.spID=2  GROUP BY t2.userid ORDER BY NULL;
userid	MIN(t1.score+0.0)
1	1.0
2	2.0
drop table t1;
drop table t2;
CREATE TABLE t1
(
t1_INT INT DEFAULT 0,
t1_double DOUBLE,
t1_float FLOAT,
t1_blob BLOB,
t1_text TEXT,
t1_char CHAR(1),
t1_varchar VARCHAR(255) DEFAULT 'hello world!',
t1_datetime DATETIME
)ENGINE=TIANMU;
INSERT INTO t1 (t1_INT, t1_double, t1_float, t1_blob, t1_text, t1_char, t1_datetime)
VALUES(20368547, -3.797693231E+108, -7.402866E+18, repeat('b',100), repeat('b',100), 'b', '2387-11-08 11:22:30.123');
INSERT INTO t1 (t1_INT, t1_double, t1_float, t1_blob, t1_text, t1_char, t1_datetime)
VALUES(303685, -4.797693231, -8.402866, repeat('b',101), repeat('b',101), 'b', '3387-11-08 11:22:30.123');
INSERT INTO t1 (t1_INT, t1_double, t1_float, t1_blob, t1_text, t1_char, t1_datetime)
VALUES(403685, +54.797693231, +8.402866, repeat('c',101), repeat('c',101), 'c', '3387-11-08 11:22:30.123');
INSERT INTO t1 (t1_INT, t1_double, t1_float, t1_blob, t1_text, t1_char, t1_datetime)
VALUES(403685, +54.797693231, +8.402866, repeat('c',101), repeat('c',101), 'c', '3387-11-08 11:22:30.123');
INSERT INTO t1 (t1_INT, t1_double, t1_float, t1_blob, t1_text, t1_char, t1_datetime)
VALUES(403685, +54.797693231, +8.402866, repeat('c',101), repeat('c',101), 'c', '3387-11-08 11:22:30.123');
INSERT INTO t1 (t1_INT, t1_double, t1_float, t1_blob, t1_text, t1_char, t1_datetime)
VALUES(40385, +54.797693231, +8.402866, repeat('c',101), repeat('c',101), 'c', '3387-11-08 11:22:30.123');
INSERT INTO t1 (t1_INT, t1_double, t1_float, t1_blob, t1_text, t1_char, t1_datetime)
VALUES(403685, +54.797693231, +8.402866, repeat('c',101), repeat('c',101), 'c', '3387-11-08 11:22:30.123');
INSERT INTO t1 (t1_INT, t1_double, t1_float, t1_blob, t1_text, t1_char, t1_datetime)
VALUES(403685, +54.797693231, +8.402866, repeat('c',101), repeat('c',101), 'c', '3387-11-08 11:22:30.123');
INSERT INTO t1 (t1_INT, t1_double, t1_float, t1_blob, t1_text, t1_char, t1_datetime)
VALUES(40368, +54.797693231, +8.402866, repeat('2',102), repeat('d',102), 'd', '4387-11-08 11:22:30.123');
INSERT INTO t1 (t1_INT, t1_double, t1_float, t1_blob, t1_text, t1_char, t1_datetime)
VALUES(403, +54.797693231, +8.402866, repeat('2',102), repeat('d',102), 'd', '4387-11-08 11:22:30.123');
INSERT INTO t1 (t1_INT, t1_double, t1_float, t1_blob, t1_text, t1_char, t1_datetime)
VALUES(403685, +54.797693231, +8.402866, repeat('2',102), repeat('d',102), 'd', '4387-11-08 11:22:30.123');
INSERT INTO t1  VALUES(NULL, NULL, NULL, NULL, NULL, NULL, NULL, NULL);
INSERT INTO t1  VALUES(NULL, NULL, NULL, NULL, NULL, NULL, NULL, NULL);
INSERT INTO t1  VALUES(NULL, NULL, NULL, NULL, NULL, NULL, NULL, NULL);
SELECT * FROM t1;
t1_INT	t1_double	t1_float	t1_blob	t1_text	t1_char	t1_varchar	t1_datetime
20368547	-3.797693231e108	-7.40287e18	bbbbbbbbbbbbbbbbbbbbbbbbbbbbbbbbbbbbbbbbbbbbbbbbbbbbbbbbbbbbbbbbbbbbbbbbbbbbbbbbbbbbbbbbbbbbbbbbbbbb	bbbbbbbbbbbbbbbbbbbbbbbbbbbbbbbbbbbbbbbbbbbbbbbbbbbbbbbbbbbbbbbbbbbbbbbbbbbbbbbbbbbbbbbbbbbbbbbbbbbb	b	hello world!	2387-11-08 11:22:30
303685	-4.797693231	-8.40287	bbbbbbbbbbbbbbbbbbbbbbbbbbbbbbbbbbbbbbbbbbbbbbbbbbbbbbbbbbbbbbbbbbbbbbbbbbbbbbbbbbbbbbbbbbbbbbbbbbbbb	bbbbbbbbbbbbbbbbbbbbbbbbbbbbbbbbbbbbbbbbbbbbbbbbbbbbbbbbbbbbbbbbbbbbbbbbbbbbbbbbbbbbbbbbbbbbbbbbbbbbb	b	hello world!	3387-11-08 11:22:30
403	54.797693231	8.40287	222222222222222222222222222222222222222222222222222222222222222222222222222222222222222222222222222222	dddddddddddddddddddddddddddddddddddddddddddddddddddddddddddddddddddddddddddddddddddddddddddddddddddddd	d	hello world!	4387-11-08 11:22:30
40368	54.797693231	8.40287	222222222222222222222222222222222222222222222222222222222222222222222222222222222222222222222222222222	dddddddddddddddddddddddddddddddddddddddddddddddddddddddddddddddddddddddddddddddddddddddddddddddddddddd	d	hello world!	4387-11-08 11:22:30
403685	54.797693231	8.40287	222222222222222222222222222222222222222222222222222222222222222222222222222222222222222222222222222222	dddddddddddddddddddddddddddddddddddddddddddddddddddddddddddddddddddddddddddddddddddddddddddddddddddddd	d	hello world!	4387-11-08 11:22:30
403685	54.797693231	8.40287	ccccccccccccccccccccccccccccccccccccccccccccccccccccccccccccccccccccccccccccccccccccccccccccccccccccc	ccccccccccccccccccccccccccccccccccccccccccccccccccccccccccccccccccccccccccccccccccccccccccccccccccccc	c	hello world!	3387-11-08 11:22:30
403685	54.797693231	8.40287	ccccccccccccccccccccccccccccccccccccccccccccccccccccccccccccccccccccccccccccccccccccccccccccccccccccc	ccccccccccccccccccccccccccccccccccccccccccccccccccccccccccccccccccccccccccccccccccccccccccccccccccccc	c	hello world!	3387-11-08 11:22:30
403685	54.797693231	8.40287	ccccccccccccccccccccccccccccccccccccccccccccccccccccccccccccccccccccccccccccccccccccccccccccccccccccc	ccccccccccccccccccccccccccccccccccccccccccccccccccccccccccccccccccccccccccccccccccccccccccccccccccccc	c	hello world!	3387-11-08 11:22:30
403685	54.797693231	8.40287	ccccccccccccccccccccccccccccccccccccccccccccccccccccccccccccccccccccccccccccccccccccccccccccccccccccc	ccccccccccccccccccccccccccccccccccccccccccccccccccccccccccccccccccccccccccccccccccccccccccccccccccccc	c	hello world!	3387-11-08 11:22:30
403685	54.797693231	8.40287	ccccccccccccccccccccccccccccccccccccccccccccccccccccccccccccccccccccccccccccccccccccccccccccccccccccc	ccccccccccccccccccccccccccccccccccccccccccccccccccccccccccccccccccccccccccccccccccccccccccccccccccccc	c	hello world!	3387-11-08 11:22:30
40385	54.797693231	8.40287	ccccccccccccccccccccccccccccccccccccccccccccccccccccccccccccccccccccccccccccccccccccccccccccccccccccc	ccccccccccccccccccccccccccccccccccccccccccccccccccccccccccccccccccccccccccccccccccccccccccccccccccccc	c	hello world!	3387-11-08 11:22:30
NULL	NULL	NULL	NULL	NULL	NULL	NULL	NULL
NULL	NULL	NULL	NULL	NULL	NULL	NULL	NULL
NULL	NULL	NULL	NULL	NULL	NULL	NULL	NULL
SELECT COUNT(*) FROM t1 GROUP BY t1_INT;
COUNT(*)
1
1
1
1
1
3
6
SELECT COUNT(*) FROM t1 GROUP BY t1_INT;
COUNT(*)
1
1
1
1
1
3
6
SELECT COUNT(*) FROM t1 GROUP BY t1_INT;
COUNT(*)
1
1
1
1
1
3
6
SELECT COUNT(*) FROM t1 GROUP BY t1_double;
COUNT(*)
1
1
3
9
SELECT COUNT(*) FROM t1 GROUP BY t1_float;
COUNT(*)
1
1
3
9
SELECT COUNT(*) FROM t1 GROUP BY t1_blob;
COUNT(*)
1
1
3
3
6
SELECT COUNT(*) FROM t1 GROUP BY t1_text;
COUNT(*)
1
1
3
3
6
SELECT COUNT(*) FROM t1 GROUP BY t1_char;
COUNT(*)
2
3
3
6
SELECT COUNT(*) FROM t1 GROUP BY t1_varchar;
COUNT(*)
11
3
SELECT COUNT(*) FROM t1 GROUP BY t1_datetime;
COUNT(*)
1
3
3
7
SELECT SUM(t1_INT) FROM t1 GROUP BY t1_INT;
SUM(t1_INT)
20368547
2422110
303685
403
40368
40385
NULL
SELECT SUM(t1_double) FROM t1 GROUP BY t1_float;
SUM(t1_double)
-3.797693231e108
-4.797693231
493.1792390789999
NULL
SELECT SUM(DISTINCT t1_double) FROM t1 GROUP BY t1_float;
SUM(DISTINCT t1_double)
-3.797693231e108
-4.797693231
54.797693231
NULL
SELECT COUNT(*) FROM t1 GROUP BY t1_INT;
COUNT(*)
1
1
1
1
1
3
6
SELECT COUNT(*) FROM t1 GROUP BY t1_blob, t1_text, t1_char;
COUNT(*)
1
1
3
3
6
SELECT COUNT(*) FROM t1 GROUP BY t1_varchar, t1_datetime;
COUNT(*)
1
3
3
7
SELECT COUNT(*) FROM t1 WHERE t1_blob IS NOT NULL GROUP BY t1_INT;
COUNT(*)
1
1
1
1
1
6
SELECT COUNT(*) FROM t1 WHERE t1_INT = 0 GROUP BY t1_blob, t1_text, t1_char;
COUNT(*)
SELECT COUNT(*) FROM t1 WHERE t1_char IN ('a', 'b') GROUP BY t1_varchar, t1_datetime;
COUNT(*)
1
1
SELECT COUNT(*) FROM t1 WHERE t1_varchar LIKE '%world%' GROUP BY t1_varchar, t1_datetime;
COUNT(*)
1
3
7
SELECT COUNT(*) FROM t1 WHERE t1_INT != 0 AND t1_INT = 0 OR t1_INT IS NULL GROUP BY t1_varchar, t1_datetime;
COUNT(*)
3
drop table t1;
CREATE TABLE t1 (t1_INT INT, t1_char CHAR(5))ENGINE=TIANMU;
CREATE TABLE t2 (t2_int INT, t2_char CHAR(5))ENGINE=TIANMU;
INSERT INTO t1 VALUES (NULL,''),(1,'aaa'),(2,'bbb'),(3,'aaa'),(4,'bbb'),(5,'aaa'),(6,'ccc'),(7,'bbb');
INSERT INTO t2 VALUES (NULL,''),(1,'ooo'),(3,'iii'),(5,'ooo'),(7,'ooo'),(9,'kkkk'),(11,'iii'),(13,'ooo');
SELECT COUNT(*) FROM t1, t2 WHERE t1.t1_INT = t2.t2_int GROUP BY t1.t1_INT;
COUNT(*)
1
1
1
1
SELECT COUNT(*) FROM t1, t2 WHERE t1.t1_INT = t2.t2_int GROUP BY t1.t1_char;
COUNT(*)
1
3
SELECT COUNT(*) FROM t1, t2 WHERE t1.t1_INT = t2.t2_int GROUP BY t2.t2_int;
COUNT(*)
1
1
1
1
SELECT COUNT(*) FROM t1, t2 WHERE t1.t1_INT = t2.t2_int GROUP BY t2.t2_char;
COUNT(*)
1
3
SELECT SUM(t1.t1_INT) FROM t1 LEFT JOIN t2 ON t1.t1_INT = t2.t2_int GROUP BY t1.t1_INT;
SUM(t1.t1_INT)
1
2
3
4
5
6
7
NULL
SELECT SUM(t1.t1_INT) FROM t1 LEFT JOIN t2 ON t1.t1_INT = t2.t2_int GROUP BY t1.t1_char;
SUM(t1.t1_INT)
13
6
9
NULL
SELECT SUM(t1.t1_INT) FROM t1 LEFT JOIN t2 ON t1.t1_INT = t2.t2_int GROUP BY t2.t2_int;
SUM(t1.t1_INT)
1
12
3
5
7
SELECT SUM(t1.t1_INT) FROM t1 LEFT JOIN t2 ON t1.t1_INT = t2.t2_int GROUP BY t2.t2_char;
SUM(t1.t1_INT)
12
13
3
SELECT SUM(t1.t1_INT) FROM t1 RIGHT JOIN t2 ON t1.t1_INT = t2.t2_int GROUP BY t1.t1_INT;
SUM(t1.t1_INT)
1
3
5
7
NULL
SELECT SUM(t1.t1_INT) FROM t1 RIGHT JOIN t2 ON t1.t1_INT = t2.t2_int GROUP BY t1.t1_char;
SUM(t1.t1_INT)
7
9
NULL
SELECT SUM(t1.t1_INT) FROM t1 RIGHT JOIN t2 ON t1.t1_INT = t2.t2_int GROUP BY t2.t2_int;
SUM(t1.t1_INT)
1
3
5
7
NULL
NULL
NULL
NULL
SELECT SUM(t1.t1_INT) FROM t1 RIGHT JOIN t2 ON t1.t1_INT = t2.t2_int GROUP BY t2.t2_char;
SUM(t1.t1_INT)
13
3
NULL
NULL
drop table t1;
drop table t2;
set global tianmu_groupby_parallel_rows_minimum=5;
set global tianmu_groupby_parallel_degree=2;
CREATE TABLE t1 (
spID int(10) unsigned,
userID int(10) unsigned,
score int(5) unsigned,
lsg char(40)
) ENGINE=TIANMU;
INSERT INTO t1 VALUES (1,1,1,'');
INSERT INTO t1 VALUES (2,2,2,'');
INSERT INTO t1 VALUES (2,1,1,'');
INSERT INTO t1 VALUES (3,3,3,'');
CREATE TABLE t2 (
userID int(10),
niName char(15),
passwd char(8),
mail char(50),
vName char(30),
nName char(40),
adr char(60),
plz char(5),
ort char(35),
land char(20)
) ENGINE=TIANMU;
INSERT INTO t2 VALUES (1,'name','pass','mail','v','n','adr','1','1','1');
INSERT INTO t2 VALUES (2,'name','pass','mail','v','n','adr','1','1','1');
INSERT INTO t2 VALUES (3,'name','pass','mail','v','n','adr','1','1','1');
INSERT INTO t2 VALUES (4,'name','pass','mail','v','n','adr','1','1','1');
INSERT INTO t2 VALUES (5,'name','pass','mail','v','n','adr','1','1','1');
SELECT t2.userid, MIN(t1.score) FROM t1, t2 WHERE t1.userID=t2.userID GROUP BY t2.userid;
userid	MIN(t1.score)
1	1
2	2
3	3
SELECT t2.userid, MIN(t1.score) FROM t1, t2 WHERE t1.userID=t2.userID GROUP BY t2.userid ORDER BY NULL;
userid	MIN(t1.score)
1	1
2	2
3	3
SELECT t2.userid, MIN(t1.score) FROM t1, t2 WHERE t1.userID=t2.userID AND t1.spID=2  GROUP BY t2.userid;
userid	MIN(t1.score)
1	1
2	2
SELECT t2.userid, MIN(t1.score+0.0) FROM t1, t2 WHERE t1.userID=t2.userID AND t1.spID=2  GROUP BY t2.userid;
userid	MIN(t1.score+0.0)
1	1.0
2	2.0
SELECT t2.userid, MIN(t1.score+0.0) FROM t1, t2 WHERE t1.userID=t2.userID AND t1.spID=2  GROUP BY t2.userid ORDER BY NULL;
userid	MIN(t1.score+0.0)
1	1.0
2	2.0
drop table t1;
drop table t2;
CREATE TABLE t1
(
t1_INT INT DEFAULT 0,
t1_double DOUBLE,
t1_float FLOAT,
t1_blob BLOB,
t1_text TEXT,
t1_char CHAR(1),
t1_varchar VARCHAR(255) DEFAULT 'hello world!',
t1_datetime DATETIME
)ENGINE=TIANMU;
INSERT INTO t1 (t1_INT, t1_double, t1_float, t1_blob, t1_text, t1_char, t1_datetime)
VALUES(20368547, -3.797693231E+108, -7.402866E+18, repeat('b',100), repeat('b',100), 'b', '2387-11-08 11:22:30.123');
INSERT INTO t1 (t1_INT, t1_double, t1_float, t1_blob, t1_text, t1_char, t1_datetime)
VALUES(303685, -4.797693231, -8.402866, repeat('b',101), repeat('b',101), 'b', '3387-11-08 11:22:30.123');
INSERT INTO t1 (t1_INT, t1_double, t1_float, t1_blob, t1_text, t1_char, t1_datetime)
VALUES(403685, +54.797693231, +8.402866, repeat('c',101), repeat('c',101), 'c', '3387-11-08 11:22:30.123');
INSERT INTO t1 (t1_INT, t1_double, t1_float, t1_blob, t1_text, t1_char, t1_datetime)
VALUES(403685, +54.797693231, +8.402866, repeat('c',101), repeat('c',101), 'c', '3387-11-08 11:22:30.123');
INSERT INTO t1 (t1_INT, t1_double, t1_float, t1_blob, t1_text, t1_char, t1_datetime)
VALUES(403685, +54.797693231, +8.402866, repeat('c',101), repeat('c',101), 'c', '3387-11-08 11:22:30.123');
INSERT INTO t1 (t1_INT, t1_double, t1_float, t1_blob, t1_text, t1_char, t1_datetime)
VALUES(40385, +54.797693231, +8.402866, repeat('c',101), repeat('c',101), 'c', '3387-11-08 11:22:30.123');
INSERT INTO t1 (t1_INT, t1_double, t1_float, t1_blob, t1_text, t1_char, t1_datetime)
VALUES(403685, +54.797693231, +8.402866, repeat('c',101), repeat('c',101), 'c', '3387-11-08 11:22:30.123');
INSERT INTO t1 (t1_INT, t1_double, t1_float, t1_blob, t1_text, t1_char, t1_datetime)
VALUES(403685, +54.797693231, +8.402866, repeat('c',101), repeat('c',101), 'c', '3387-11-08 11:22:30.123');
INSERT INTO t1 (t1_INT, t1_double, t1_float, t1_blob, t1_text, t1_char, t1_datetime)
VALUES(40368, +54.797693231, +8.402866, repeat('2',102), repeat('d',102), 'd', '4387-11-08 11:22:30.123');
INSERT INTO t1 (t1_INT, t1_double, t1_float, t1_blob, t1_text, t1_char, t1_datetime)
VALUES(403, +54.797693231, +8.402866, repeat('2',102), repeat('d',102), 'd', '4387-11-08 11:22:30.123');
INSERT INTO t1 (t1_INT, t1_double, t1_float, t1_blob, t1_text, t1_char, t1_datetime)
VALUES(403685, +54.797693231, +8.402866, repeat('2',102), repeat('d',102), 'd', '4387-11-08 11:22:30.123');
INSERT INTO t1  VALUES(NULL, NULL, NULL, NULL, NULL, NULL, NULL, NULL);
INSERT INTO t1  VALUES(NULL, NULL, NULL, NULL, NULL, NULL, NULL, NULL);
INSERT INTO t1  VALUES(NULL, NULL, NULL, NULL, NULL, NULL, NULL, NULL);
SELECT * FROM t1;
t1_INT	t1_double	t1_float	t1_blob	t1_text	t1_char	t1_varchar	t1_datetime
20368547	-3.797693231e108	-7.40287e18	bbbbbbbbbbbbbbbbbbbbbbbbbbbbbbbbbbbbbbbbbbbbbbbbbbbbbbbbbbbbbbbbbbbbbbbbbbbbbbbbbbbbbbbbbbbbbbbbbbbb	bbbbbbbbbbbbbbbbbbbbbbbbbbbbbbbbbbbbbbbbbbbbbbbbbbbbbbbbbbbbbbbbbbbbbbbbbbbbbbbbbbbbbbbbbbbbbbbbbbbb	b	hello world!	2387-11-08 11:22:30
303685	-4.797693231	-8.40287	bbbbbbbbbbbbbbbbbbbbbbbbbbbbbbbbbbbbbbbbbbbbbbbbbbbbbbbbbbbbbbbbbbbbbbbbbbbbbbbbbbbbbbbbbbbbbbbbbbbbb	bbbbbbbbbbbbbbbbbbbbbbbbbbbbbbbbbbbbbbbbbbbbbbbbbbbbbbbbbbbbbbbbbbbbbbbbbbbbbbbbbbbbbbbbbbbbbbbbbbbbb	b	hello world!	3387-11-08 11:22:30
403	54.797693231	8.40287	222222222222222222222222222222222222222222222222222222222222222222222222222222222222222222222222222222	dddddddddddddddddddddddddddddddddddddddddddddddddddddddddddddddddddddddddddddddddddddddddddddddddddddd	d	hello world!	4387-11-08 11:22:30
40368	54.797693231	8.40287	222222222222222222222222222222222222222222222222222222222222222222222222222222222222222222222222222222	dddddddddddddddddddddddddddddddddddddddddddddddddddddddddddddddddddddddddddddddddddddddddddddddddddddd	d	hello world!	4387-11-08 11:22:30
403685	54.797693231	8.40287	222222222222222222222222222222222222222222222222222222222222222222222222222222222222222222222222222222	dddddddddddddddddddddddddddddddddddddddddddddddddddddddddddddddddddddddddddddddddddddddddddddddddddddd	d	hello world!	4387-11-08 11:22:30
403685	54.797693231	8.40287	ccccccccccccccccccccccccccccccccccccccccccccccccccccccccccccccccccccccccccccccccccccccccccccccccccccc	ccccccccccccccccccccccccccccccccccccccccccccccccccccccccccccccccccccccccccccccccccccccccccccccccccccc	c	hello world!	3387-11-08 11:22:30
403685	54.797693231	8.40287	ccccccccccccccccccccccccccccccccccccccccccccccccccccccccccccccccccccccccccccccccccccccccccccccccccccc	ccccccccccccccccccccccccccccccccccccccccccccccccccccccccccccccccccccccccccccccccccccccccccccccccccccc	c	hello world!	3387-11-08 11:22:30
403685	54.797693231	8.40287	ccccccccccccccccccccccccccccccccccccccccccccccccccccccccccccccccccccccccccccccccccccccccccccccccccccc	ccccccccccccccccccccccccccccccccccccccccccccccccccccccccccccccccccccccccccccccccccccccccccccccccccccc	c	hello world!	3387-11-08 11:22:30
403685	54.797693231	8.40287	ccccccccccccccccccccccccccccccccccccccccccccccccccccccccccccccccccccccccccccccccccccccccccccccccccccc	ccccccccccccccccccccccccccccccccccccccccccccccccccccccccccccccccccccccccccccccccccccccccccccccccccccc	c	hello world!	3387-11-08 11:22:30
403685	54.797693231	8.40287	ccccccccccccccccccccccccccccccccccccccccccccccccccccccccccccccccccccccccccccccccccccccccccccccccccccc	ccccccccccccccccccccccccccccccccccccccccccccccccccccccccccccccccccccccccccccccccccccccccccccccccccccc	c	hello world!	3387-11-08 11:22:30
40385	54.797693231	8.40287	ccccccccccccccccccccccccccccccccccccccccccccccccccccccccccccccccccccccccccccccccccccccccccccccccccccc	ccccccccccccccccccccccccccccccccccccccccccccccccccccccccccccccccccccccccccccccccccccccccccccccccccccc	c	hello world!	3387-11-08 11:22:30
NULL	NULL	NULL	NULL	NULL	NULL	NULL	NULL
NULL	NULL	NULL	NULL	NULL	NULL	NULL	NULL
NULL	NULL	NULL	NULL	NULL	NULL	NULL	NULL
SELECT COUNT(*) FROM t1 GROUP BY t1_INT;
COUNT(*)
1
1
1
1
1
3
6
SELECT COUNT(*) FROM t1 GROUP BY t1_INT;
COUNT(*)
1
1
1
1
1
3
6
SELECT COUNT(*) FROM t1 GROUP BY t1_INT;
COUNT(*)
1
1
1
1
1
3
6
SELECT COUNT(*) FROM t1 GROUP BY t1_double;
COUNT(*)
1
1
3
9
SELECT COUNT(*) FROM t1 GROUP BY t1_float;
COUNT(*)
1
1
3
9
SELECT COUNT(*) FROM t1 GROUP BY t1_blob;
COUNT(*)
1
1
3
3
6
SELECT COUNT(*) FROM t1 GROUP BY t1_text;
COUNT(*)
1
1
3
3
6
SELECT COUNT(*) FROM t1 GROUP BY t1_char;
COUNT(*)
2
3
3
6
SELECT COUNT(*) FROM t1 GROUP BY t1_varchar;
COUNT(*)
11
3
SELECT COUNT(*) FROM t1 GROUP BY t1_datetime;
COUNT(*)
1
3
3
7
SELECT SUM(t1_INT) FROM t1 GROUP BY t1_INT;
SUM(t1_INT)
20368547
2422110
303685
403
40368
40385
NULL
SELECT SUM(t1_double) FROM t1 GROUP BY t1_float;
SUM(t1_double)
-3.797693231e108
-4.797693231
493.1792390789999
NULL
SELECT SUM(DISTINCT t1_double) FROM t1 GROUP BY t1_float;
SUM(DISTINCT t1_double)
-3.797693231e108
-4.797693231
54.797693231
NULL
SELECT COUNT(*) FROM t1 GROUP BY t1_INT;
COUNT(*)
1
1
1
1
1
3
6
SELECT COUNT(*) FROM t1 GROUP BY t1_blob, t1_text, t1_char;
COUNT(*)
1
1
3
3
6
SELECT COUNT(*) FROM t1 GROUP BY t1_varchar, t1_datetime;
COUNT(*)
1
3
3
7
SELECT COUNT(*) FROM t1 WHERE t1_blob IS NOT NULL GROUP BY t1_INT;
COUNT(*)
1
1
1
1
1
6
SELECT COUNT(*) FROM t1 WHERE t1_INT = 0 GROUP BY t1_blob, t1_text, t1_char;
COUNT(*)
SELECT COUNT(*) FROM t1 WHERE t1_char IN ('a', 'b') GROUP BY t1_varchar, t1_datetime;
COUNT(*)
1
1
SELECT COUNT(*) FROM t1 WHERE t1_varchar LIKE '%world%' GROUP BY t1_varchar, t1_datetime;
COUNT(*)
1
3
7
SELECT COUNT(*) FROM t1 WHERE t1_INT != 0 AND t1_INT = 0 OR t1_INT IS NULL GROUP BY t1_varchar, t1_datetime;
COUNT(*)
3
drop table t1;
CREATE TABLE t1 (t1_INT INT, t1_char CHAR(5))ENGINE=TIANMU;
CREATE TABLE t2 (t2_int INT, t2_char CHAR(5))ENGINE=TIANMU;
INSERT INTO t1 VALUES (NULL,''),(1,'aaa'),(2,'bbb'),(3,'aaa'),(4,'bbb'),(5,'aaa'),(6,'ccc'),(7,'bbb');
INSERT INTO t2 VALUES (NULL,''),(1,'ooo'),(3,'iii'),(5,'ooo'),(7,'ooo'),(9,'kkkk'),(11,'iii'),(13,'ooo');
SELECT COUNT(*) FROM t1, t2 WHERE t1.t1_INT = t2.t2_int GROUP BY t1.t1_INT;
COUNT(*)
1
1
1
1
SELECT COUNT(*) FROM t1, t2 WHERE t1.t1_INT = t2.t2_int GROUP BY t1.t1_char;
COUNT(*)
1
3
SELECT COUNT(*) FROM t1, t2 WHERE t1.t1_INT = t2.t2_int GROUP BY t2.t2_int;
COUNT(*)
1
1
1
1
SELECT COUNT(*) FROM t1, t2 WHERE t1.t1_INT = t2.t2_int GROUP BY t2.t2_char;
COUNT(*)
1
3
SELECT SUM(t1.t1_INT) FROM t1 LEFT JOIN t2 ON t1.t1_INT = t2.t2_int GROUP BY t1.t1_INT;
SUM(t1.t1_INT)
1
2
3
4
5
6
7
NULL
SELECT SUM(t1.t1_INT) FROM t1 LEFT JOIN t2 ON t1.t1_INT = t2.t2_int GROUP BY t1.t1_char;
SUM(t1.t1_INT)
13
6
9
NULL
SELECT SUM(t1.t1_INT) FROM t1 LEFT JOIN t2 ON t1.t1_INT = t2.t2_int GROUP BY t2.t2_int;
SUM(t1.t1_INT)
1
12
3
5
7
SELECT SUM(t1.t1_INT) FROM t1 LEFT JOIN t2 ON t1.t1_INT = t2.t2_int GROUP BY t2.t2_char;
SUM(t1.t1_INT)
12
13
3
SELECT SUM(t1.t1_INT) FROM t1 RIGHT JOIN t2 ON t1.t1_INT = t2.t2_int GROUP BY t1.t1_INT;
SUM(t1.t1_INT)
1
3
5
7
NULL
SELECT SUM(t1.t1_INT) FROM t1 RIGHT JOIN t2 ON t1.t1_INT = t2.t2_int GROUP BY t1.t1_char;
SUM(t1.t1_INT)
7
9
NULL
SELECT SUM(t1.t1_INT) FROM t1 RIGHT JOIN t2 ON t1.t1_INT = t2.t2_int GROUP BY t2.t2_int;
SUM(t1.t1_INT)
1
3
5
7
NULL
NULL
NULL
NULL
SELECT SUM(t1.t1_INT) FROM t1 RIGHT JOIN t2 ON t1.t1_INT = t2.t2_int GROUP BY t2.t2_char;
SUM(t1.t1_INT)
13
3
NULL
NULL
drop table t1;
drop table t2;
drop database issue422_test;
