DROP DATABASE IF EXISTS issue1157_test;
CREATE DATABASE issue1157_test;
USE issue1157_test;
CREATE TABLE st(
`id` BIGINT(20) NOT NULL AUTO_INCREMENT,
`name` VARCHAR(255) DEFAULT NULL,
`uid` VARCHAR(11) DEFAULT NULL,
PRIMARY KEY (`id`)
)engine=tianmu;
INSERT INTO st (NAME,uid) VALUES('%a','world');
INSERT INTO st (NAME,uid) VALUES('%_','world');
SELECT * FROM st WHERE NAME LIKE "a%a_" ESCAPE 'a';
id	name	uid
2	%_	world
SELECT * FROM st WHERE NAME LIKE "\%\_";
id	name	uid
2	%_	world
SELECT * FROM st WHERE NAME LIKE "\%_";
id	name	uid
1	%a	world
2	%_	world
SELECT * FROM st WHERE NAME LIKE "a%_" ESCAPE 'a';
id	name	uid
1	%a	world
2	%_	world
drop table st;
create table st2(id int ,column_2 varchar(10),column_3 varchar(10))engine=tianmu;
insert into st2 values(1,'_a\\\\','111111');
insert into st2 values(2,'12%','%12%');
insert into st2 values(3,'a_a','a%');
insert into st2 values(4,'_a\\','_12%');
insert into st2 values(5,'\\a','\\\\_a%12%');
select * from st2 where column_2 like '%_a\\\%';
id	column_2	column_3
1	_a\\	111111
4	_a\	_12%
select * from st2 where column_2 like '%?_a?\%' escape '?';
id	column_2	column_3
1	_a\\	111111
4	_a\	_12%
drop table st2;
DROP DATABASE issue1157_test;
