DROP DATABASE IF EXISTS issue845_test;
CREATE DATABASE issue845_test;
USE issue845_test;
DROP TABLE IF EXISTS test_timestamp;
CREATE TABLE test_timestamp (t timestamp);
INSERT INTO test_timestamp VALUES ('2019-01-02 00:01:02'),
('2019-01-02 01:02:03'),
('2019-01-02 02:03:04'),
('2019-01-02 03:05:06'),
('2019-01-02 04:07:08');
SELECT EXTRACT(DAY_HOUR FROM t), EXTRACT(MINUTE_SECOND FROM t) FROM test_timestamp;
EXTRACT(DAY_HOUR FROM t)	EXTRACT(MINUTE_SECOND FROM t)
200	102
201	203
202	304
203	506
204	708
DROP TABLE test_timestamp;
CREATE TABLE test_timestamp (t timestamp);
SELECT EXTRACT(DAY_HOUR FROM t), EXTRACT(MINUTE_SECOND FROM t) FROM test_timestamp;
EXTRACT(DAY_HOUR FROM t)	EXTRACT(MINUTE_SECOND FROM t)
SELECT EXTRACT(YEAR FROM '2019-07-02');
EXTRACT(YEAR FROM '2019-07-02')
2019
SELECT EXTRACT(YEAR_MONTH FROM '2019-07-02 01:02:03');
EXTRACT(YEAR_MONTH FROM '2019-07-02 01:02:03')
201907
SELECT EXTRACT(DAY_MINUTE FROM '2019-07-02 01:02:03');
EXTRACT(DAY_MINUTE FROM '2019-07-02 01:02:03')
20102
SELECT EXTRACT(MICROSECOND FROM '2003-01-02 10:30:00.000123');
EXTRACT(MICROSECOND FROM '2003-01-02 10:30:00.000123')
123
DROP TABLE test_timestamp;
DROP DATABASE issue845_test;
