DROP DATABASE IF EXISTS issue281_test;
CREATE DATABASE issue281_test;
USE issue281_test;
DROP TABLE IF EXISTS t1;
CREATE TABLE t1 (f1 INT) ENGINE=TIANMU;
INSERT INTO t1 VALUES(1),(2),(NULL),(NULL);
SELECT * FROM t1 WHERE f1 IS NULL;
f1
NULL
NULL
SELECT * FROM t1 WHERE f1 IS NOT NULL;
f1
1
2
SELECT * FROM t1;
f1
1
2
NULL
NULL
DROP TABLE t1;
DROP DATABASE issue281_test;
