drop database if exists out_of_range_issue1151;
Warnings:
Note	1008	Can't drop database 'out_of_range_issue1151'; database doesn't exist
create database out_of_range_issue1151;
use out_of_range_issue1151;
create table tiny(a tinyint, b tinyint unsigned) engine = tianmu DEFAULT CHARSET=utf8mb4;
insert into tiny values(-128, 0);
insert into tiny values(127, 127);
insert into tiny values(0, 127);
insert into tiny values(-0, -0);
insert into tiny values(+0, +0);
select * from tiny;
a	b
-128	0
127	127
0	127
0	0
0	0
insert into tiny values(-129, 0);
ERROR 22003: Out of range value for column 'a' at row 1
insert into tiny values(128, 0);
ERROR 22003: Out of range value for column 'a' at row 1
insert into tiny values(1234, 0);
ERROR 22003: Out of range value for column 'a' at row 1
insert into tiny values(0, -1);
ERROR 22003: Out of range value for column 'b' at row 1
insert into tiny values(0, -127);
ERROR 22003: Out of range value for column 'b' at row 1
insert into tiny values(0, 256);
ERROR 22003: Out of range value for column 'b' at row 1
insert into tiny values(0, 1234567);
ERROR 22003: Out of range value for column 'b' at row 1
select * from tiny;
a	b
-128	0
127	127
0	127
0	0
0	0
drop table tiny;
create table small(a smallint, b smallint unsigned) engine = tianmu DEFAULT CHARSET=utf8mb4;
insert into small values(-32768, 0);
insert into small values(0, 0);
insert into small values(122, 122);
insert into small values(32767, 32767);
insert into small values(-0, -0);
insert into small values(+0, +0);
select * from small;
a	b
-32768	0
0	0
122	122
32767	32767
0	0
0	0
insert into small values(-32769, 0);
ERROR 22003: Out of range value for column 'a' at row 1
insert into small values(32768, 0);
ERROR 22003: Out of range value for column 'a' at row 1
insert into small values(-3276911, 0);
ERROR 22003: Out of range value for column 'a' at row 1
insert into small values(3276811, 0);
ERROR 22003: Out of range value for column 'a' at row 1
insert into small values(0, -1);
ERROR 22003: Out of range value for column 'b' at row 1
insert into small values(0, -32768);
ERROR 22003: Out of range value for column 'b' at row 1
insert into small values(0, 65536);
ERROR 22003: Out of range value for column 'b' at row 1
insert into small values(0, 1234567);
ERROR 22003: Out of range value for column 'b' at row 1
select * from small;
a	b
-32768	0
0	0
122	122
32767	32767
0	0
0	0
drop table small;
create table medium(a mediumint, b mediumint unsigned) engine = tianmu DEFAULT CHARSET=utf8mb4;
insert into medium values(-8388608, 0);
insert into medium values(0, 0);
insert into medium values(122, 122);
insert into medium values(8388607, 8388607);
insert into medium values(-0, -0);
insert into medium values(+0, +0);
select * from medium;
a	b
-8388608	0
0	0
122	122
8388607	8388607
0	0
0	0
insert into medium values(-8388609, 0);
ERROR 22003: Out of range value for column 'a' at row 1
insert into medium values(8388608, 0);
ERROR 22003: Out of range value for column 'a' at row 1
insert into medium values(-8388608111, 0);
ERROR 22003: Out of range value for column 'a' at row 1
insert into medium values(8388608111, 0);
ERROR 22003: Out of range value for column 'a' at row 1
insert into medium values(0, -1);
ERROR 22003: Out of range value for column 'b' at row 1
insert into medium values(0, -8388608);
ERROR 22003: Out of range value for column 'b' at row 1
insert into medium values(0, 16777216);
ERROR 22003: Out of range value for column 'b' at row 1
insert into medium values(0, 1677721511);
ERROR 22003: Out of range value for column 'b' at row 1
select * from medium;
a	b
-8388608	0
0	0
122	122
8388607	8388607
0	0
0	0
drop table medium;
create table int_(a int, b int unsigned) engine = tianmu DEFAULT CHARSET=utf8mb4;
insert into int_ values(-2147483647, 0);
insert into int_ values(0, 0);
insert into int_ values(122, 122);
insert into int_ values(2147483647, 2147483647);
insert into int_ values(-0, -0);
insert into int_ values(+0, +0);
select * from int_;
a	b
-2147483647	0
0	0
122	122
2147483647	2147483647
0	0
0	0
insert into int_ values(-2147483649, 0);
ERROR 22003: Out of range value for column 'a' at row 1
insert into int_ values(2147483648, 0);
ERROR 22003: Out of range value for column 'a' at row 1
insert into int_ values(-214748364811, 0);
ERROR 22003: Out of range value for column 'a' at row 1
insert into int_ values(214748364811, 0);
ERROR 22003: Out of range value for column 'a' at row 1
insert into int_ values(0, -1);
ERROR 22003: Out of range value for column 'b' at row 1
insert into int_ values(0, -4294967295);
ERROR 22003: Out of range value for column 'b' at row 1
insert into int_ values(0, 4294967296);
ERROR 22003: Out of range value for column 'b' at row 1
insert into int_ values(0, 429496729611);
ERROR 22003: Out of range value for column 'b' at row 1
select * from int_;
a	b
-2147483647	0
0	0
122	122
2147483647	2147483647
0	0
0	0
drop table int_;
drop database if exists out_of_range_issue1151;
