CREATE DATABASE unsingeddata;
USE unsingeddata;
create table j1 (j1_key int) engine=tianmu;
create table j2 (j2_key int) engine=innodb;
insert into j1 values (1),(2),(3),(4),(5),(6),(7),(8),(9),(10),(11),(12),(13),(14),(15),(null);
insert into j2 values (1),(2),(3),(4),(5),(6),(7),(8),(9),(10),(11),(12),(13),(14),(15),(null);
ALTER TABLE j1 ADD COLUMN CTINYINT TINYINT;
ALTER TABLE j1 ADD COLUMN CUTINYINT TINYINT UNSIGNED;
ALTER TABLE j1 ADD COLUMN CUSMALLINT SMALLINT UNSIGNED;
ALTER TABLE j1 ADD COLUMN CUINTEGER INT UNSIGNED;
ALTER TABLE j1 ADD COLUMN CUBIGINT BIGINT UNSIGNED;
UPDATE j1 SET CUTINYINT=253;
UPDATE j1 SET CUSMALLINT=65533;
UPDATE j1 SET CUINTEGER=4294967293;
UPDATE j1 SET CUBIGINT=18446744073709551613;
ERROR 22003: Out of range[0, 9223372036854775807] for column 'CUBIGINT' value: 18446744073709551613
UPDATE j1 SET CTINYINT=-127 where j1_key=2;
UPDATE j1 SET CTINYINT=0 where j1_key=3;
UPDATE j1 SET CTINYINT=null where j1_key=4;
insert into j1(CUBIGINT) values(null);
SHOW CREATE TABLE j1;
Table	Create Table
j1	CREATE TABLE `j1` (
  `j1_key` int(11) DEFAULT NULL,
  `CTINYINT` tinyint(4) DEFAULT NULL,
  `CUTINYINT` tinyint(3) unsigned DEFAULT NULL,
  `CUSMALLINT` smallint(5) unsigned DEFAULT NULL,
  `CUINTEGER` int(10) unsigned DEFAULT NULL,
  `CUBIGINT` bigint(20) unsigned DEFAULT NULL
) ENGINE=TIANMU DEFAULT CHARSET=latin1
ALTER TABLE j2 ADD COLUMN CTINYINT TINYINT;
ALTER TABLE j2 ADD COLUMN CUTINYINT TINYINT UNSIGNED;
ALTER TABLE j2 ADD COLUMN CUSMALLINT SMALLINT UNSIGNED;
ALTER TABLE j2 ADD COLUMN CUINTEGER INT UNSIGNED;
ALTER TABLE j2 ADD COLUMN CUBIGINT BIGINT UNSIGNED;
UPDATE j2 SET CUTINYINT=253;
UPDATE j2 SET CUSMALLINT=65533;
UPDATE j2 SET CUINTEGER=4294967293;
UPDATE j2 SET CUBIGINT=18446744073709551613;
UPDATE j2 SET CTINYINT=-127 where j2_key=2;
UPDATE j2 SET CTINYINT=0 where j2_key=3;
UPDATE j2 SET CTINYINT=null where j2_key=4;
SHOW CREATE TABLE j2;
Table	Create Table
j2	CREATE TABLE `j2` (
  `j2_key` int(11) DEFAULT NULL,
  `CTINYINT` tinyint(4) DEFAULT NULL,
  `CUTINYINT` tinyint(3) unsigned DEFAULT NULL,
  `CUSMALLINT` smallint(5) unsigned DEFAULT NULL,
  `CUINTEGER` int(10) unsigned DEFAULT NULL,
  `CUBIGINT` bigint(20) unsigned DEFAULT NULL
) ENGINE=InnoDB DEFAULT CHARSET=latin1
SELECT LN(CUTINYINT) FROM j1 WHERE j1_key=1;
LN(CUTINYINT)
5.53338948872752
SELECT LN(CUSMALLINT) FROM j1 WHERE j1_key=1;
LN(CUSMALLINT)
11.090309111544167
SELECT LN(CUINTEGER) FROM j1 WHERE j1_key=1;
LN(CUINTEGER)
22.180709777219757
SELECT LN(CUBIGINT) FROM j1 WHERE j1_key=1;
LN(CUBIGINT)
NULL
SELECT LOG(CUTINYINT) FROM j1 WHERE j1_key=1;
LOG(CUTINYINT)
5.53338948872752
SELECT LOG(CUSMALLINT) FROM j1 WHERE j1_key=1;
LOG(CUSMALLINT)
11.090309111544167
SELECT LOG(CUINTEGER) FROM j1 WHERE j1_key=1;
LOG(CUINTEGER)
22.180709777219757
SELECT LOG(CUBIGINT) FROM j1 WHERE j1_key=1;
LOG(CUBIGINT)
NULL
SELECT LOG2(CUTINYINT) FROM j1 WHERE j1_key=1;
LOG2(CUTINYINT)
7.98299357469431
SELECT LOG2(CUSMALLINT) FROM j1 WHERE j1_key=1;
LOG2(CUSMALLINT)
15.999933957150457
SELECT LOG2(CUINTEGER) FROM j1 WHERE j1_key=1;
LOG2(CUINTEGER)
31.99999999899229
SELECT LOG2(CUBIGINT) FROM j1 WHERE j1_key=1;
LOG2(CUBIGINT)
NULL
SELECT LN(CTINYINT) FROM j1 WHERE j1_key=2;
LN(CTINYINT)
NULL
SELECT LN(CTINYINT) FROM j1 WHERE j1_key=3;
LN(CTINYINT)
NULL
SELECT LN(CTINYINT) FROM j1 WHERE j1_key=4;
LN(CTINYINT)
NULL
SELECT LOG(CTINYINT) FROM j1 WHERE j1_key=2;
LOG(CTINYINT)
NULL
SELECT LOG(CTINYINT) FROM j1 WHERE j1_key=3;
LOG(CTINYINT)
NULL
SELECT LOG(CTINYINT) FROM j1 WHERE j1_key=4;
LOG(CTINYINT)
NULL
SELECT LOG2(CTINYINT) FROM j1 WHERE j1_key=2;
LOG2(CTINYINT)
NULL
SELECT LOG2(CTINYINT) FROM j1 WHERE j1_key=3;
LOG2(CTINYINT)
NULL
SELECT LOG2(CTINYINT) FROM j1 WHERE j1_key=4;
LOG2(CTINYINT)
NULL
SELECT LN(CUTINYINT) FROM j2 WHERE j2_key=1;
LN(CUTINYINT)
5.53338948872752
SELECT LN(CUSMALLINT) FROM j2 WHERE j2_key=1;
LN(CUSMALLINT)
11.090309111544167
SELECT LN(CUINTEGER) FROM j2 WHERE j2_key=1;
LN(CUINTEGER)
22.180709777219757
SELECT LN(CUBIGINT) FROM j2 WHERE j2_key=1;
LN(CUBIGINT)
44.3614195558365
SELECT LOG(CUTINYINT) FROM j2 WHERE j2_key=1;
LOG(CUTINYINT)
5.53338948872752
SELECT LOG(CUSMALLINT) FROM j2 WHERE j2_key=1;
LOG(CUSMALLINT)
11.090309111544167
SELECT LOG(CUINTEGER) FROM j2 WHERE j2_key=1;
LOG(CUINTEGER)
22.180709777219757
SELECT LOG(CUBIGINT) FROM j2 WHERE j2_key=1;
LOG(CUBIGINT)
44.3614195558365
SELECT LOG2(CUTINYINT) FROM j2 WHERE j2_key=1;
LOG2(CUTINYINT)
7.98299357469431
SELECT LOG2(CUSMALLINT) FROM j2 WHERE j2_key=1;
LOG2(CUSMALLINT)
15.999933957150457
SELECT LOG2(CUINTEGER) FROM j2 WHERE j2_key=1;
LOG2(CUINTEGER)
31.99999999899229
SELECT LOG2(CUBIGINT) FROM j2 WHERE j2_key=1;
LOG2(CUBIGINT)
64
SELECT LN(CTINYINT) FROM j2 WHERE j2_key=2;
LN(CTINYINT)
NULL
SELECT LN(CTINYINT) FROM j2 WHERE j2_key=3;
LN(CTINYINT)
NULL
SELECT LN(CTINYINT) FROM j2 WHERE j2_key=4;
LN(CTINYINT)
NULL
SELECT LOG(CTINYINT) FROM j2 WHERE j2_key=2;
LOG(CTINYINT)
NULL
SELECT LOG(CTINYINT) FROM j2 WHERE j2_key=3;
LOG(CTINYINT)
NULL
SELECT LOG(CTINYINT) FROM j2 WHERE j2_key=4;
LOG(CTINYINT)
NULL
SELECT LOG2(CTINYINT) FROM j2 WHERE j2_key=2;
LOG2(CTINYINT)
NULL
SELECT LOG2(CTINYINT) FROM j2 WHERE j2_key=3;
LOG2(CTINYINT)
NULL
SELECT LOG2(CTINYINT) FROM j2 WHERE j2_key=4;
LOG2(CTINYINT)
NULL
DROP TABLE j1,j2;
DROP DATABASE unsingeddata;
